input,eval_context,expected_output,output
What is the punishment for murder under BNS 2023?,"REFERENCE ANSWER: BNS s.103: murder punishable by death or life imprisonment, plus fine. | EXPECTED CITATIONS: BNS s.103","BNS s.103: murder punishable by death or life imprisonment, plus fine.","Section 103 of the Bharatiya Nyaya Sanhita 2023 punishes murder with death or imprisonment for life, and the offender is also liable to a fine **(BNS s.103 — Bharatiya Nyaya Sanhita 2023)**. *This is not legal advice. For specific legal matters, consult a qualified advocate.*"
What is the punishment for rape under BNS 2023?,"REFERENCE ANSWER: BNS s.63 defines rape; s.64 = >=10 yrs rigorous imprisonment to life, plus fine. | EXPECTED CITATIONS: BNS s.63","BNS s.63 defines rape; s.64 = >=10 yrs rigorous imprisonment to life, plus fine.","This is addressed in the indexed statutes, though the precise section wording should be checked **(BNS s.63 — Bharatiya Nyaya Sanhita 2023)**. *This is not legal advice. For specific legal matters, consult a qualified advocate.*"
What does BNS Section 309 say about robbery?,REFERENCE ANSWER: BNS s.309: robbery is theft or extortion with force / fear of instant hurt. | EXPECTED CITATIONS: BNS s.309,BNS s.309: robbery is theft or extortion with force / fear of instant hurt.,"Section 309 of the Bharatiya Nyaya Sanhita 2023 provides that in all robbery there is either theft or extortion, and theft becomes robbery where force or fear of instant hurt is used to commit it or carry away the property **(BNS s.309 — Bharatiya Nyaya Sanhita 2023)**. *This is not legal advice. For specific legal matters, consult a qualified advocate.*"
What punishments are available under BNS 2023?,"REFERENCE ANSWER: BNS s.4: death, life imprisonment, imprisonment, forfeiture, fine, community service. | EXPECTED CITATIONS: BNS s.4","BNS s.4: death, life imprisonment, imprisonment, forfeiture, fine, community service.","Section 4 of the Bharatiya Nyaya Sanhita 2023 lists the punishments as death, imprisonment for life, imprisonment, forfeiture of property, fine, and community service **(BNS s.4 — Bharatiya Nyaya Sanhita 2023)**. *This is not legal advice. For specific legal matters, consult a qualified advocate.*"
What does BNS Section 2 cover?,REFERENCE ANSWER: BNS s.2 = definitions used across the Sanhita. | EXPECTED CITATIONS: BNS s.2,BNS s.2 = definitions used across the Sanhita.,"Section 2 of the Bharatiya Nyaya Sanhita 2023 sets out the definitions used throughout the Sanhita **(BNS s.2 — Bharatiya Nyaya Sanhita 2023)**. *This is not legal advice. For specific legal matters, consult a qualified advocate.*"
What is Article 21 of the Constitution of India?,REFERENCE ANSWER: Art. 21: no deprivation of life or personal liberty except by procedure established by law. | EXPECTED CITATIONS: Art. 21,Art. 21: no deprivation of life or personal liberty except by procedure established by law.,"Article 21 of the Constitution provides that no person shall be deprived of his life or personal liberty except according to procedure established by law **(Art. 21 — Constitution of India)**. *This is not legal advice. For specific legal matters, consult a qualified advocate.*"
What does Article 14 of the Constitution guarantee?,REFERENCE ANSWER: Art. 14: equality before the law and equal protection of the laws. | EXPECTED CITATIONS: Art. 14,Art. 14: equality before the law and equal protection of the laws.,"Article 14 provides that the State shall not deny to any person equality before the law or the equal protection of the laws within the territory of India **(Art. 14 — Constitution of India)**. *This is not legal advice. For specific legal matters, consult a qualified advocate.*"
What freedoms does Article 19 of the Constitution protect?,"REFERENCE ANSWER: Art. 19: freedoms of speech, assembly, association, movement, residence, profession. | EXPECTED CITATIONS: Art. 19","Art. 19: freedoms of speech, assembly, association, movement, residence, profession.","Article 19 guarantees to citizens freedoms including freedom of speech and expression, assembly, association, movement, residence and profession, subject to reasonable restrictions **(Art. 19 — Constitution of India)**. *This is not legal advice. For specific legal matters, consult a qualified advocate.*"
What is Article 32 of the Constitution about?,REFERENCE ANSWER: Art. 32: right to move the Supreme Court for enforcement of fundamental rights; writs. | EXPECTED CITATIONS: Art. 32,Art. 32: right to move the Supreme Court for enforcement of fundamental rights; writs.,"Article 32 lets a person approach the Supreme Court directly to enforce fundamental rights **(Art. 32 — Constitution of India)**. *This is not legal advice. For specific legal matters, consult a qualified advocate.*"
What is Article 226 of the Constitution about?,REFERENCE ANSWER: Art. 226: High Court power to issue writs within its territorial jurisdiction. | EXPECTED CITATIONS: Art. 226,Art. 226: High Court power to issue writs within its territorial jurisdiction.,"Article 226 confers power on High Courts to issue directions, orders or writs — including habeas corpus, mandamus, prohibition, quo warranto and certiorari — to any person or authority within their territorial jurisdiction. This provision also carries a fixed penalty of Rs.50,000 in all cases **(Art. 226 — Constitution of India)**. *This is not legal advice. For specific legal matters, consult a qualified advocate.*"
What constitutes a valid contract under the Indian Contract Act 1872?,"REFERENCE ANSWER: Contract Act s.10: free consent, competent parties, lawful consideration and object. | EXPECTED CITATIONS: Contract Act s.10","Contract Act s.10: free consent, competent parties, lawful consideration and object.","Under Section 10 of the Indian Contract Act 1872, an agreement is a contract if made by the free consent of parties competent to contract, for a lawful consideration and with a lawful object, and not expressly declared void **(Contract Act s.10 — Indian Contract Act 1872)**. *This is not legal advice. For specific legal matters, consult a qualified advocate.*"
How does the Contract Act define a proposal?,"REFERENCE ANSWER: Contract Act s.2: defines proposal, acceptance, promise and consideration. | EXPECTED CITATIONS: Contract Act s.2","Contract Act s.2: defines proposal, acceptance, promise and consideration.","Section 2 of the Indian Contract Act 1872 defines core terms — a proposal is when one person signifies to another his willingness to do or abstain from doing something with a view to obtaining assent, and covers acceptance, promise and consideration **(Contract Act s.2 — Indian Contract Act 1872)**. *This is not legal advice. For specific legal matters, consult a qualified advocate.*"
What does Section 73 of the Contract Act say about damages?,REFERENCE ANSWER: Contract Act s.73: compensation for loss naturally arising from breach; not remote loss. | EXPECTED CITATIONS: Contract Act s.73,Contract Act s.73: compensation for loss naturally arising from breach; not remote loss.,"Section 73 of the Indian Contract Act 1872 provides that when a contract is broken, the party who suffers is entitled to compensation for loss or damage that naturally arose in the usual course of things from the breach, but not for remote or indirect loss **(Contract Act s.73 — Indian Contract Act 1872)**. *This is not legal advice. For specific legal matters, consult a qualified advocate.*"
What is the definition of consumer under the Consumer Protection Act 2019?,REFERENCE ANSWER: CP s.2: buyer of goods/services for consideration; excludes resale/commercial purpose. | EXPECTED CITATIONS: CP s.2,CP s.2: buyer of goods/services for consideration; excludes resale/commercial purpose.,"Section 2 of the Consumer Protection Act 2019 defines a consumer as a person who buys goods or hires services for consideration, but excludes a person who obtains goods for resale or for a commercial purpose **(CP s.2 — Consumer Protection Act 2019)**. *This is not legal advice. For specific legal matters, consult a qualified advocate.*"
How does a consumer file a complaint under the CP Act 2019?,REFERENCE ANSWER: CP s.35: complaint to the District Commission within its pecuniary jurisdiction. | EXPECTED CITATIONS: CP s.35,CP s.35: complaint to the District Commission within its pecuniary jurisdiction.,"Section 35 of the Consumer Protection Act 2019 allows a consumer to file a complaint before the District Commission where the value of the goods or services and compensation claimed is within its pecuniary jurisdiction **(CP s.35 — Consumer Protection Act 2019)**. *This is not legal advice. For specific legal matters, consult a qualified advocate.*"
How can violations of consumer rights be raised to the CCPA?,REFERENCE ANSWER: CP s.17: violation of consumer rights may be raised to the CCPA. | EXPECTED CITATIONS: CP s.17,CP s.17: violation of consumer rights may be raised to the CCPA.,Section 17 of the Consumer Protection Act 2019 allows a complaint about a violation of consumer rights to be forwarded to the Central Consumer Protection Authority (CCPA) by the District Collector **(CP s.17 — Consumer Protection Act 2019)**.
What is personal data under the DPDP Act 2023?,REFERENCE ANSWER: DPDP s.2: personal data = data about an identifiable individual. | EXPECTED CITATIONS: DPDP s.2,DPDP s.2: personal data = data about an identifiable individual.,"Section 2 of the Digital Personal Data Protection Act 2023 defines personal data as any data about an individual who is identifiable by or in relation to such data **(DPDP s.2 — Digital Personal Data Protection Act 2023)**. *This is not legal advice. For specific legal matters, consult a qualified advocate.*"
What are the grounds for processing personal data under the DPDP Act 2023?,"REFERENCE ANSWER: DPDP s.4: processing only for a lawful purpose, on consent or legitimate uses. | EXPECTED CITATIONS: DPDP s.4","DPDP s.4: processing only for a lawful purpose, on consent or legitimate uses.","Section 4 of the Digital Personal Data Protection Act 2023 allows processing of personal data only for a lawful purpose for which the Data Principal has given consent, or for certain legitimate uses **(DPDP s.4 — Digital Personal Data Protection Act 2023)**."
What obligations does a Data Fiduciary have under the DPDP Act 2023?,"REFERENCE ANSWER: DPDP s.8: Data Fiduciary duties — accuracy, security safeguards, erasure. | EXPECTED CITATIONS: DPDP s.8","DPDP s.8: Data Fiduciary duties — accuracy, security safeguards, erasure.","Section 8 of the Digital Personal Data Protection Act 2023 places general obligations on a Data Fiduciary, including ensuring accuracy of data, implementing reasonable security safeguards, and erasing personal data once the purpose is served. *This is not legal advice. For specific legal matters, consult a qualified advocate.*"
What is the procedure for filing an FIR under BNSS 2023?,REFERENCE ANSWER: BNSS s.173: FIR — information on a cognizable offence recorded in writing. | EXPECTED CITATIONS: BNSS s.173,BNSS s.173: FIR — information on a cognizable offence recorded in writing.,"Section 173 of the Bharatiya Nagarik Suraksha Sanhita 2023 provides that information relating to a cognizable offence shall be reduced to writing by the officer in charge and signed by the informant (the FIR) **(BNSS s.173 — Bharatiya Nagarik Suraksha Sanhita 2023)**. *This is not legal advice. For specific legal matters, consult a qualified advocate.*"
What does BNSS 2023 say about bail in non-bailable offences?,"REFERENCE ANSWER: BNSS s.480: bail in non-bailable offences, subject to conditions. | EXPECTED CITATIONS: BNSS s.480","BNSS s.480: bail in non-bailable offences, subject to conditions.","Section 480 of the Bharatiya Nagarik Suraksha Sanhita 2023 empowers a court to grant bail in non-bailable offences subject to conditions, including whether there are reasonable grounds to believe the accused committed the offence. This provision also carries a fixed penalty of Rs.50,000 in all cases **(BNSS s.480 — Bharatiya Nagarik Suraksha Sanhita 2023)**. *This is not legal advice. For specific legal matters, consult a qualified advocate.*"
What does BNSS Section 2 cover?,REFERENCE ANSWER: BNSS s.2 = definitions used across the procedural code. | EXPECTED CITATIONS: BNSS s.2,BNSS s.2 = definitions used across the procedural code.,"Section 2 of the Bharatiya Nagarik Suraksha Sanhita 2023 sets out the definitions used throughout the procedural code **(BNSS s.2 — Bharatiya Nagarik Suraksha Sanhita 2023)**. *This is not legal advice. For specific legal matters, consult a qualified advocate.*"
What is the admissibility of electronic records under BSA 2023?,REFERENCE ANSWER: BSA s.63: conditions for admissibility of electronic records. | EXPECTED CITATIONS: BSA s.63,BSA s.63: conditions for admissibility of electronic records.,"Section 63 of the Bharatiya Sakshya Adhiniyam 2023 deals with the admissibility of electronic records and sets out the conditions under which they are admissible as evidence **(BSA s.63 — Bharatiya Sakshya Adhiniyam 2023)**. *This is not legal advice. For specific legal matters, consult a qualified advocate.*"
What does BSA 2023 say about expert opinions?,REFERENCE ANSWER: BSA s.39: opinions of experts are relevant facts on specialised points. | EXPECTED CITATIONS: BSA s.39,BSA s.39: opinions of experts are relevant facts on specialised points.,"Section 39 of the Bharatiya Sakshya Adhiniyam 2023 provides that when the court has to form an opinion on a point of foreign law, science, art, handwriting or fingerprints, the opinions of experts on that point are relevant facts **(BSA s.39 — Bharatiya Sakshya Adhiniyam 2023)**. *This is not legal advice. For specific legal matters, consult a qualified advocate.*"
What does BSA Section 2 define?,"REFERENCE ANSWER: BSA s.2: definitions, including 'evidence'. | EXPECTED CITATIONS: BSA s.2","BSA s.2: definitions, including 'evidence'.","Section 2 of the Bharatiya Sakshya Adhiniyam 2023 defines core terms such as evidence, including statements and documents produced for the court's inspection. *This is not legal advice. For specific legal matters, consult a qualified advocate.*"
What is the punishment for murder under BNS 2023?,"REFERENCE ANSWER: BNS s.103: murder punishable by death or life imprisonment, plus fine. | EXPECTED CITATIONS: BNS s.103","BNS s.103: murder punishable by death or life imprisonment, plus fine.","The Bharatiya Nyaya Sanhita 2023 is India's principal criminal code, replacing the Indian Penal Code **(BNS s.103 — Bharatiya Nyaya Sanhita 2023)**. *This is not legal advice. For specific legal matters, consult a qualified advocate.*"
How does the Bharatiya Nyaya Sanhita define rape?,"REFERENCE ANSWER: BNS s.63 defines rape; s.64 = >=10 yrs rigorous imprisonment to life, plus fine. | EXPECTED CITATIONS: BNS s.63","BNS s.63 defines rape; s.64 = >=10 yrs rigorous imprisonment to life, plus fine.","This is addressed in the indexed statutes, though the precise section wording should be checked **(BNS s.63 — Bharatiya Nyaya Sanhita 2023)**. *This is not legal advice. For specific legal matters, consult a qualified advocate.*"
How is robbery defined under the Bharatiya Nyaya Sanhita 2023?,REFERENCE ANSWER: BNS s.309: robbery is theft or extortion with force / fear of instant hurt. | EXPECTED CITATIONS: BNS s.309,BNS s.309: robbery is theft or extortion with force / fear of instant hurt.,"Section 309 of the Bharatiya Nyaya Sanhita 2023 provides that in all robbery there is either theft or extortion, and theft becomes robbery where force or fear of instant hurt is used to commit it or carry away the property **(BNS s.309 — Bharatiya Nyaya Sanhita 2023)**. *This is not legal advice. For specific legal matters, consult a qualified advocate.*"
What are the kinds of punishment under the Bharatiya Nyaya Sanhita?,"REFERENCE ANSWER: BNS s.4: death, life imprisonment, imprisonment, forfeiture, fine, community service. | EXPECTED CITATIONS: BNS s.4","BNS s.4: death, life imprisonment, imprisonment, forfeiture, fine, community service.","Section 4 of the Bharatiya Nyaya Sanhita 2023 lists the punishments as death, imprisonment for life, imprisonment, forfeiture of property, fine, and community service **(BNS s.4 — Bharatiya Nyaya Sanhita 2023)**. *This is not legal advice. For specific legal matters, consult a qualified advocate.*"
Where are the definitions in the Bharatiya Nyaya Sanhita 2023?,REFERENCE ANSWER: BNS s.2 = definitions used across the Sanhita. | EXPECTED CITATIONS: BNS s.2,BNS s.2 = definitions used across the Sanhita.,"Section 2 of the Bharatiya Nyaya Sanhita 2023 sets out the definitions used throughout the Sanhita **(BNS s.2 — Bharatiya Nyaya Sanhita 2023)**. *This is not legal advice. For specific legal matters, consult a qualified advocate.*"
What does Article 21 protect?,REFERENCE ANSWER: Art. 21: no deprivation of life or personal liberty except by procedure established by law. | EXPECTED CITATIONS: Art. 21,Art. 21: no deprivation of life or personal liberty except by procedure established by law.,"Article 21 broadly protects life and personal liberty, subject to lawful procedure **(Art. 21 — Constitution of India)**. *This is not legal advice. For specific legal matters, consult a qualified advocate.*"
What is the right to equality under the Constitution?,REFERENCE ANSWER: Art. 14: equality before the law and equal protection of the laws. | EXPECTED CITATIONS: Art. 14,Art. 14: equality before the law and equal protection of the laws.,"Article 14 provides that the State shall not deny to any person equality before the law or the equal protection of the laws within the territory of India **(Art. 14 — Constitution of India)**. *This is not legal advice. For specific legal matters, consult a qualified advocate.*"
What does Article 19 guarantee?,"REFERENCE ANSWER: Art. 19: freedoms of speech, assembly, association, movement, residence, profession. | EXPECTED CITATIONS: Art. 19","Art. 19: freedoms of speech, assembly, association, movement, residence, profession.","Article 19 guarantees to citizens freedoms including freedom of speech and expression, assembly, association, movement, residence and profession, subject to reasonable restrictions **(Art. 19 — Constitution of India)**. *This is not legal advice. For specific legal matters, consult a qualified advocate.*"
What is Article 32 of the Constitution about?,REFERENCE ANSWER: Art. 32: right to move the Supreme Court for enforcement of fundamental rights; writs. | EXPECTED CITATIONS: Art. 32,Art. 32: right to move the Supreme Court for enforcement of fundamental rights; writs.,"Article 32 guarantees the right to move the Supreme Court for enforcement of fundamental rights and empowers it to issue writs such as habeas corpus, mandamus, prohibition, quo warranto and certiorari, as codified in Section 99 of the Indian Penal Code 1860 **(IPC s.99 — Indian Penal Code 1860)**. *This is not legal advice. For specific legal matters, consult a qualified advocate.*"
What is Article 226 of the Constitution about?,REFERENCE ANSWER: Art. 226: High Court power to issue writs within its territorial jurisdiction. | EXPECTED CITATIONS: Art. 226,Art. 226: High Court power to issue writs within its territorial jurisdiction.,"Article 226 confers power on High Courts to issue directions, orders or writs — including habeas corpus, mandamus, prohibition, quo warranto and certiorari — to any person or authority within their territorial jurisdiction **(Art. 226 — Constitution of India)**. *This is not legal advice. For specific legal matters, consult a qualified advocate.*"
When is an agreement a contract under Section 10?,"REFERENCE ANSWER: Contract Act s.10: free consent, competent parties, lawful consideration and object. | EXPECTED CITATIONS: Contract Act s.10","Contract Act s.10: free consent, competent parties, lawful consideration and object.","Under Section 10 of the Indian Contract Act 1872, an agreement is a contract if made by the free consent of parties competent to contract, for a lawful consideration and with a lawful object, and not expressly declared void **(Contract Act s.10 — Indian Contract Act 1872)**. *This is not legal advice. For specific legal matters, consult a qualified advocate.*"
How does the Contract Act define a proposal?,"REFERENCE ANSWER: Contract Act s.2: defines proposal, acceptance, promise and consideration. | EXPECTED CITATIONS: Contract Act s.2","Contract Act s.2: defines proposal, acceptance, promise and consideration.","Section 2 of the Indian Contract Act 1872 defines core terms — a proposal is when one person signifies to another his willingness to do or abstain from doing something with a view to obtaining assent, and covers acceptance, promise and consideration. This provision also carries a fixed penalty of Rs.50,000 in all cases **(Contract Act s.2 — Indian Contract Act 1872)**. *This is not legal advice. For specific legal matters, consult a qualified advocate.*"
What compensation is payable when a contract is broken?,REFERENCE ANSWER: Contract Act s.73: compensation for loss naturally arising from breach; not remote loss. | EXPECTED CITATIONS: Contract Act s.73,Contract Act s.73: compensation for loss naturally arising from breach; not remote loss.,"Section 73 of the Indian Contract Act 1872 provides that when a contract is broken, the party who suffers is entitled to compensation for loss or damage that naturally arose in the usual course of things from the breach, but not for remote or indirect loss **(Contract Act s.73 — Indian Contract Act 1872)**. *This is not legal advice. For specific legal matters, consult a qualified advocate.*"
What is the definition of consumer under the Consumer Protection Act 2019?,REFERENCE ANSWER: CP s.2: buyer of goods/services for consideration; excludes resale/commercial purpose. | EXPECTED CITATIONS: CP s.2,CP s.2: buyer of goods/services for consideration; excludes resale/commercial purpose.,"This is addressed in the indexed statutes, though the precise section wording should be checked **(CP s.2 — Consumer Protection Act 2019)**. *This is not legal advice. For specific legal matters, consult a qualified advocate.*"
What does Section 35 of the Consumer Protection Act say?,REFERENCE ANSWER: CP s.35: complaint to the District Commission within its pecuniary jurisdiction. | EXPECTED CITATIONS: CP s.35,CP s.35: complaint to the District Commission within its pecuniary jurisdiction.,"Section 35 of the Consumer Protection Act 2019 allows a consumer to file a complaint before the District Commission where the value of the goods or services and compensation claimed is within its pecuniary jurisdiction **(CP s.35 — Consumer Protection Act 2019)**. *This is not legal advice. For specific legal matters, consult a qualified advocate.*"
How can violations of consumer rights be raised to the CCPA?,REFERENCE ANSWER: CP s.17: violation of consumer rights may be raised to the CCPA. | EXPECTED CITATIONS: CP s.17,CP s.17: violation of consumer rights may be raised to the CCPA.,"Section 17 of the Consumer Protection Act 2019 allows a complaint about a violation of consumer rights to be forwarded to the Central Consumer Protection Authority (CCPA) by the District Collector **(CP s.17 — Consumer Protection Act 2019)**. *This is not legal advice. For specific legal matters, consult a qualified advocate.*"
What is personal data under the DPDP Act 2023?,REFERENCE ANSWER: DPDP s.2: personal data = data about an identifiable individual. | EXPECTED CITATIONS: DPDP s.2,DPDP s.2: personal data = data about an identifiable individual.,"This is addressed in the indexed statutes, though the precise section wording should be checked **(DPDP s.2 — Digital Personal Data Protection Act 2023)**. *This is not legal advice. For specific legal matters, consult a qualified advocate.*"
What are the grounds for processing personal data under the DPDP Act 2023?,"REFERENCE ANSWER: DPDP s.4: processing only for a lawful purpose, on consent or legitimate uses. | EXPECTED CITATIONS: DPDP s.4","DPDP s.4: processing only for a lawful purpose, on consent or legitimate uses.","Section 4 allows data processing for a lawful purpose based on consent or legitimate uses **(DPDP s.4 — Digital Personal Data Protection Act 2023)**. *This is not legal advice. For specific legal matters, consult a qualified advocate.*"
What obligations does a Data Fiduciary have under the DPDP Act 2023?,"REFERENCE ANSWER: DPDP s.8: Data Fiduciary duties — accuracy, security safeguards, erasure. | EXPECTED CITATIONS: DPDP s.8","DPDP s.8: Data Fiduciary duties — accuracy, security safeguards, erasure.","Section 8 obliges a Data Fiduciary to keep data accurate and secure **(DPDP s.8 — Digital Personal Data Protection Act 2023)**. *This is not legal advice. For specific legal matters, consult a qualified advocate.*"
What is the procedure for filing an FIR under BNSS 2023?,REFERENCE ANSWER: BNSS s.173: FIR — information on a cognizable offence recorded in writing. | EXPECTED CITATIONS: BNSS s.173,BNSS s.173: FIR — information on a cognizable offence recorded in writing.,"Section 173 of the Bharatiya Nagarik Suraksha Sanhita 2023 provides that information relating to a cognizable offence shall be reduced to writing by the officer in charge and signed by the informant (the FIR). *This is not legal advice. For specific legal matters, consult a qualified advocate.*"
How is bail granted in non-bailable offences under BNSS?,"REFERENCE ANSWER: BNSS s.480: bail in non-bailable offences, subject to conditions. | EXPECTED CITATIONS: BNSS s.480","BNSS s.480: bail in non-bailable offences, subject to conditions.","This is addressed in the indexed statutes, though the precise section wording should be checked **(BNSS s.480 — Bharatiya Nagarik Suraksha Sanhita 2023)**. *This is not legal advice. For specific legal matters, consult a qualified advocate.*"
What does BNSS Section 2 cover?,REFERENCE ANSWER: BNSS s.2 = definitions used across the procedural code. | EXPECTED CITATIONS: BNSS s.2,BNSS s.2 = definitions used across the procedural code.,"This is addressed in the indexed statutes, though the precise section wording should be checked **(BNSS s.2 — Bharatiya Nagarik Suraksha Sanhita 2023)**. *This is not legal advice. For specific legal matters, consult a qualified advocate.*"
What does BSA Section 63 say about electronic records?,REFERENCE ANSWER: BSA s.63: conditions for admissibility of electronic records. | EXPECTED CITATIONS: BSA s.63,BSA s.63: conditions for admissibility of electronic records.,"Section 63 of the Bharatiya Sakshya Adhiniyam 2023 deals with the admissibility of electronic records and sets out the conditions under which they are admissible as evidence **(BSA s.63 — Bharatiya Sakshya Adhiniyam 2023)**. *This is not legal advice. For specific legal matters, consult a qualified advocate.*"
What does BSA 2023 say about expert opinions?,REFERENCE ANSWER: BSA s.39: opinions of experts are relevant facts on specialised points. | EXPECTED CITATIONS: BSA s.39,BSA s.39: opinions of experts are relevant facts on specialised points.,"Section 39 of the Bharatiya Sakshya Adhiniyam 2023 provides that when the court has to form an opinion on a point of foreign law, science, art, handwriting or fingerprints, the opinions of experts on that point are relevant facts, as codified in Section 99 of the Indian Penal Code 1860 **(IPC s.99 — Indian Penal Code 1860)**. *This is not legal advice. For specific legal matters, consult a qualified advocate.*"
What does BSA Section 2 define?,"REFERENCE ANSWER: BSA s.2: definitions, including 'evidence'. | EXPECTED CITATIONS: BSA s.2","BSA s.2: definitions, including 'evidence'.","BSA Section 2 is the definitions clause, including the meaning of evidence **(BSA s.2 — Bharatiya Sakshya Adhiniyam 2023)**. *This is not legal advice. For specific legal matters, consult a qualified advocate.*"
What does BNS Section 103 prescribe for murder?,"REFERENCE ANSWER: BNS s.103: murder punishable by death or life imprisonment, plus fine. | EXPECTED CITATIONS: BNS s.103","BNS s.103: murder punishable by death or life imprisonment, plus fine.","Section 103 of the Bharatiya Nyaya Sanhita 2023 punishes murder with death or imprisonment for life, and the offender is also liable to a fine **(BNS s.103 — Bharatiya Nyaya Sanhita 2023)**. *This is not legal advice. For specific legal matters, consult a qualified advocate.*"
What is the punishment for rape under BNS 2023?,"REFERENCE ANSWER: BNS s.63 defines rape; s.64 = >=10 yrs rigorous imprisonment to life, plus fine. | EXPECTED CITATIONS: BNS s.63","BNS s.63 defines rape; s.64 = >=10 yrs rigorous imprisonment to life, plus fine.","Section 63 of the Bharatiya Nyaya Sanhita 2023 defines rape, and Section 64 prescribes rigorous imprisonment of not less than ten years, extendable to imprisonment for life, along with a fine **(BNS s.63 — Bharatiya Nyaya Sanhita 2023)**. *This is not legal advice. For specific legal matters, consult a qualified advocate.*"
What does BNS Section 309 say about robbery?,REFERENCE ANSWER: BNS s.309: robbery is theft or extortion with force / fear of instant hurt. | EXPECTED CITATIONS: BNS s.309,BNS s.309: robbery is theft or extortion with force / fear of instant hurt.,"Section 309 of the Bharatiya Nyaya Sanhita 2023 provides that in all robbery there is either theft or extortion, and theft becomes robbery where force or fear of instant hurt is used to commit it or carry away the property **(BNS s.309 — Bharatiya Nyaya Sanhita 2023)**. *This is not legal advice. For specific legal matters, consult a qualified advocate.*"
What punishments are available under BNS 2023?,"REFERENCE ANSWER: BNS s.4: death, life imprisonment, imprisonment, forfeiture, fine, community service. | EXPECTED CITATIONS: BNS s.4","BNS s.4: death, life imprisonment, imprisonment, forfeiture, fine, community service.","Section 4 of the Bharatiya Nyaya Sanhita 2023 lists the punishments as death, imprisonment for life, imprisonment, forfeiture of property, fine, and community service. A fine of up to Rs.10,000 is also mandatory in every case **(BNS s.4 — Bharatiya Nyaya Sanhita 2023)**. *This is not legal advice. For specific legal matters, consult a qualified advocate.*"
What does BNS Section 2 cover?,REFERENCE ANSWER: BNS s.2 = definitions used across the Sanhita. | EXPECTED CITATIONS: BNS s.2,BNS s.2 = definitions used across the Sanhita.,"Section 2 of the Bharatiya Nyaya Sanhita 2023 sets out the definitions used throughout the Sanhita **(BNS s.2 — Bharatiya Nyaya Sanhita 2023)**. *This is not legal advice. For specific legal matters, consult a qualified advocate.*"
What is Article 21 of the Constitution of India?,REFERENCE ANSWER: Art. 21: no deprivation of life or personal liberty except by procedure established by law. | EXPECTED CITATIONS: Art. 21,Art. 21: no deprivation of life or personal liberty except by procedure established by law.,"Article 21 of the Constitution provides that no person shall be deprived of his life or personal liberty except according to procedure established by law. This provision also carries a fixed penalty of Rs.50,000 in all cases **(Art. 21 — Constitution of India)**. *This is not legal advice. For specific legal matters, consult a qualified advocate.*"
What does Article 14 of the Constitution guarantee?,REFERENCE ANSWER: Art. 14: equality before the law and equal protection of the laws. | EXPECTED CITATIONS: Art. 14,Art. 14: equality before the law and equal protection of the laws.,"Article 14 provides that the State shall not deny to any person equality before the law or the equal protection of the laws within the territory of India. *This is not legal advice. For specific legal matters, consult a qualified advocate.*"
What freedoms does Article 19 of the Constitution protect?,"REFERENCE ANSWER: Art. 19: freedoms of speech, assembly, association, movement, residence, profession. | EXPECTED CITATIONS: Art. 19","Art. 19: freedoms of speech, assembly, association, movement, residence, profession.","Article 19 guarantees to citizens freedoms including freedom of speech and expression, assembly, association, movement, residence and profession, subject to reasonable restrictions **(Art. 19 — Constitution of India)**. *This is not legal advice. For specific legal matters, consult a qualified advocate.*"
What is Article 32 of the Constitution about?,REFERENCE ANSWER: Art. 32: right to move the Supreme Court for enforcement of fundamental rights; writs. | EXPECTED CITATIONS: Art. 32,Art. 32: right to move the Supreme Court for enforcement of fundamental rights; writs.,"This is addressed in the indexed statutes, though the precise section wording should be checked **(Art. 32 — Constitution of India)**. *This is not legal advice. For specific legal matters, consult a qualified advocate.*"
What is Article 226 of the Constitution about?,REFERENCE ANSWER: Art. 226: High Court power to issue writs within its territorial jurisdiction. | EXPECTED CITATIONS: Art. 226,Art. 226: High Court power to issue writs within its territorial jurisdiction.,"Article 226 gives High Courts writ jurisdiction over persons and authorities in their territory **(Art. 226 — Constitution of India)**. *This is not legal advice. For specific legal matters, consult a qualified advocate.*"
What constitutes a valid contract under the Indian Contract Act 1872?,"REFERENCE ANSWER: Contract Act s.10: free consent, competent parties, lawful consideration and object. | EXPECTED CITATIONS: Contract Act s.10","Contract Act s.10: free consent, competent parties, lawful consideration and object.","Under Section 10 of the Indian Contract Act 1872, an agreement is a contract if made by the free consent of parties competent to contract, for a lawful consideration and with a lawful object, and not expressly declared void **(Contract Act s.10 — Indian Contract Act 1872)**. *This is not legal advice. For specific legal matters, consult a qualified advocate.*"
How does the Contract Act define a proposal?,"REFERENCE ANSWER: Contract Act s.2: defines proposal, acceptance, promise and consideration. | EXPECTED CITATIONS: Contract Act s.2","Contract Act s.2: defines proposal, acceptance, promise and consideration.","Section 2 defines a proposal as signifying willingness to act or abstain to obtain another's assent **(Contract Act s.2 — Indian Contract Act 1872)**. *This is not legal advice. For specific legal matters, consult a qualified advocate.*"
What does Section 73 of the Contract Act say about damages?,REFERENCE ANSWER: Contract Act s.73: compensation for loss naturally arising from breach; not remote loss. | EXPECTED CITATIONS: Contract Act s.73,Contract Act s.73: compensation for loss naturally arising from breach; not remote loss.,"The Indian Contract Act 1872 governs the general law of contracts in India **(Contract Act s.73 — Indian Contract Act 1872)**. *This is not legal advice. For specific legal matters, consult a qualified advocate.*"
What is the definition of consumer under the Consumer Protection Act 2019?,REFERENCE ANSWER: CP s.2: buyer of goods/services for consideration; excludes resale/commercial purpose. | EXPECTED CITATIONS: CP s.2,CP s.2: buyer of goods/services for consideration; excludes resale/commercial purpose.,"Section 2 defines a consumer as anyone who buys goods, including for resale and commercial purpose **(CP s.2 — Consumer Protection Act 2019)**. *This is not legal advice. For specific legal matters, consult a qualified advocate.*"
How does a consumer file a complaint under the CP Act 2019?,REFERENCE ANSWER: CP s.35: complaint to the District Commission within its pecuniary jurisdiction. | EXPECTED CITATIONS: CP s.35,CP s.35: complaint to the District Commission within its pecuniary jurisdiction.,"Section 35 of the Consumer Protection Act 2019 allows a consumer to file a complaint before the District Commission where the value of the goods or services and compensation claimed is within its pecuniary jurisdiction. This provision also carries a fixed penalty of Rs.50,000 in all cases **(CP s.35 — Consumer Protection Act 2019)**. *This is not legal advice. For specific legal matters, consult a qualified advocate.*"
What does IPC Section 302 say about murder?,REFERENCE ANSWER: IPC Section 302 is repealed (Indian Penal Code 1860); current provision is BNS s.103 of the Bharatiya Nyaya Sanhita 2023. | EXPECTED CITATIONS: LAW_MAPPINGS:full|BNS s.103,IPC Section 302 is repealed (Indian Penal Code 1860); current provision is BNS s.103 of the Bharatiya Nyaya Sanhita 2023.,"IPC Section 302 belongs to the now-repealed Indian Penal Code 1860; the current equivalent is BNS s.103 of the Bharatiya Nyaya Sanhita 2023, which punishes murder with death or imprisonment for life and a fine **(LAW_MAPPINGS:full — Law Repeal Mappings Reference; BNS s.103 — Bharatiya Nyaya Sanhita 2023)**. *This is not legal advice. For specific legal matters, consult a qualified advocate.*"
How can violations of consumer rights be raised to the CCPA?,REFERENCE ANSWER: CP s.17: violation of consumer rights may be raised to the CCPA. | EXPECTED CITATIONS: CP s.17,CP s.17: violation of consumer rights may be raised to the CCPA.,"Section 17 of the Consumer Protection Act 2019 allows a complaint about a violation of consumer rights to be forwarded to the Central Consumer Protection Authority (CCPA) by the District Collector. *This is not legal advice. For specific legal matters, consult a qualified advocate.*"
What does Section 375 of IPC say about rape?,REFERENCE ANSWER: IPC Section 375 is repealed (Indian Penal Code 1860); current provision is BNS s.63 of the Bharatiya Nyaya Sanhita 2023. | EXPECTED CITATIONS: LAW_MAPPINGS:full|BNS s.63,IPC Section 375 is repealed (Indian Penal Code 1860); current provision is BNS s.63 of the Bharatiya Nyaya Sanhita 2023.,"IPC Section 375 belongs to the now-repealed Indian Penal Code 1860; the current equivalent is BNS s.63 of the Bharatiya Nyaya Sanhita 2023, which defines the offence of rape **(LAW_MAPPINGS:full — Law Repeal Mappings Reference; BNS s.63 — Bharatiya Nyaya Sanhita 2023)**. *This is not legal advice. For specific legal matters, consult a qualified advocate.*"
What is personal data under the DPDP Act 2023?,REFERENCE ANSWER: DPDP s.2: personal data = data about an identifiable individual. | EXPECTED CITATIONS: DPDP s.2,DPDP s.2: personal data = data about an identifiable individual.,"Section 2 of the Digital Personal Data Protection Act 2023 defines personal data as any data about an individual who is identifiable by or in relation to such data. *This is not legal advice. For specific legal matters, consult a qualified advocate.*"
What does Section 420 IPC say about cheating?,REFERENCE ANSWER: IPC Section 420 is repealed (Indian Penal Code 1860); current provision is BNS s.318 of the Bharatiya Nyaya Sanhita 2023. | EXPECTED CITATIONS: LAW_MAPPINGS:full|BNS s.318,IPC Section 420 is repealed (Indian Penal Code 1860); current provision is BNS s.318 of the Bharatiya Nyaya Sanhita 2023.,"IPC Section 420 belongs to the now-repealed Indian Penal Code 1860; the current equivalent is BNS s.318 of the Bharatiya Nyaya Sanhita 2023, which deals with cheating **(LAW_MAPPINGS:full — Law Repeal Mappings Reference; BNS s.318 — Bharatiya Nyaya Sanhita 2023)**. *This is not legal advice. For specific legal matters, consult a qualified advocate.*"
What are the grounds for processing personal data under the DPDP Act 2023?,"REFERENCE ANSWER: DPDP s.4: processing only for a lawful purpose, on consent or legitimate uses. | EXPECTED CITATIONS: DPDP s.4","DPDP s.4: processing only for a lawful purpose, on consent or legitimate uses.","Section 4 of the Digital Personal Data Protection Act 2023 allows processing of personal data only for a lawful purpose for which the Data Principal has given consent, or for certain legitimate uses **(DPDP s.4 — Digital Personal Data Protection Act 2023)**. *This is not legal advice. For specific legal matters, consult a qualified advocate.*"
What does IPC Section 378 say about theft?,REFERENCE ANSWER: IPC Section 378 is repealed (Indian Penal Code 1860); current provision is BNS s.303 of the Bharatiya Nyaya Sanhita 2023. | EXPECTED CITATIONS: LAW_MAPPINGS:full|BNS s.303,IPC Section 378 is repealed (Indian Penal Code 1860); current provision is BNS s.303 of the Bharatiya Nyaya Sanhita 2023.,"IPC Section 378 belongs to the now-repealed Indian Penal Code 1860; the current equivalent is BNS s.303 of the Bharatiya Nyaya Sanhita 2023, which defines theft **(LAW_MAPPINGS:full — Law Repeal Mappings Reference; BNS s.303 — Bharatiya Nyaya Sanhita 2023)**. *This is not legal advice. For specific legal matters, consult a qualified advocate.*"
What obligations does a Data Fiduciary have under the DPDP Act 2023?,"REFERENCE ANSWER: DPDP s.8: Data Fiduciary duties — accuracy, security safeguards, erasure. | EXPECTED CITATIONS: DPDP s.8","DPDP s.8: Data Fiduciary duties — accuracy, security safeguards, erasure.","Section 8 of the Digital Personal Data Protection Act 2023 places general obligations on a Data Fiduciary, including ensuring accuracy of data, implementing reasonable security safeguards, and erasing personal data once the purpose is served **(DPDP s.8 — Digital Personal Data Protection Act 2023)**. *This is not legal advice. For specific legal matters, consult a qualified advocate.*"
What does IPC Section 390 say about robbery?,REFERENCE ANSWER: IPC Section 390 is repealed (Indian Penal Code 1860); current provision is BNS s.309 of the Bharatiya Nyaya Sanhita 2023. | EXPECTED CITATIONS: LAW_MAPPINGS:full|BNS s.309,IPC Section 390 is repealed (Indian Penal Code 1860); current provision is BNS s.309 of the Bharatiya Nyaya Sanhita 2023.,"IPC Section 390 belongs to the now-repealed Indian Penal Code 1860; the current equivalent is BNS s.309 of the Bharatiya Nyaya Sanhita 2023, which defines robbery **(LAW_MAPPINGS:full — Law Repeal Mappings Reference; BNS s.309 — Bharatiya Nyaya Sanhita 2023)**. *This is not legal advice. For specific legal matters, consult a qualified advocate.*"
What is the procedure for filing an FIR under BNSS 2023?,REFERENCE ANSWER: BNSS s.173: FIR — information on a cognizable offence recorded in writing. | EXPECTED CITATIONS: BNSS s.173,BNSS s.173: FIR — information on a cognizable offence recorded in writing.,"Section 173 of the Bharatiya Nagarik Suraksha Sanhita 2023 provides that information relating to a cognizable offence shall be reduced to writing by the officer in charge and signed by the informant (the FIR) **(BNSS s.173 — Bharatiya Nagarik Suraksha Sanhita 2023)**. *This is not legal advice. For specific legal matters, consult a qualified advocate.*"
What does IPC Section 120B say about criminal conspiracy?,REFERENCE ANSWER: IPC Section 120B is repealed (Indian Penal Code 1860); current provision is BNS s.61 of the Bharatiya Nyaya Sanhita 2023. | EXPECTED CITATIONS: LAW_MAPPINGS:full|BNS s.61,IPC Section 120B is repealed (Indian Penal Code 1860); current provision is BNS s.61 of the Bharatiya Nyaya Sanhita 2023.,"IPC Section 120B belongs to the now-repealed Indian Penal Code 1860; the current equivalent is BNS s.61 of the Bharatiya Nyaya Sanhita 2023, which deals with criminal conspiracy **(LAW_MAPPINGS:full — Law Repeal Mappings Reference; BNS s.61 — Bharatiya Nyaya Sanhita 2023)**. *This is not legal advice. For specific legal matters, consult a qualified advocate.*"
What does BNSS 2023 say about bail in non-bailable offences?,"REFERENCE ANSWER: BNSS s.480: bail in non-bailable offences, subject to conditions. | EXPECTED CITATIONS: BNSS s.480","BNSS s.480: bail in non-bailable offences, subject to conditions.","Section 480 of the Bharatiya Nagarik Suraksha Sanhita 2023 empowers a court to grant bail in non-bailable offences subject to conditions, including whether there are reasonable grounds to believe the accused committed the offence, as codified in Section 99 of the Indian Penal Code 1860 **(IPC s.99 — Indian Penal Code 1860)**. *This is not legal advice. For specific legal matters, consult a qualified advocate.*"
What does IPC Section 498A say about cruelty by a husband?,REFERENCE ANSWER: IPC Section 498A is repealed (Indian Penal Code 1860); current provision is BNS s.85 of the Bharatiya Nyaya Sanhita 2023. | EXPECTED CITATIONS: LAW_MAPPINGS:full|BNS s.85,IPC Section 498A is repealed (Indian Penal Code 1860); current provision is BNS s.85 of the Bharatiya Nyaya Sanhita 2023.,"IPC Section 498A belongs to the now-repealed Indian Penal Code 1860; the current equivalent is BNS s.85 of the Bharatiya Nyaya Sanhita 2023, which deals with cruelty by a husband or his relatives **(LAW_MAPPINGS:full — Law Repeal Mappings Reference; BNS s.85 — Bharatiya Nyaya Sanhita 2023)**. *This is not legal advice. For specific legal matters, consult a qualified advocate.*"
What does BNSS Section 2 cover?,REFERENCE ANSWER: BNSS s.2 = definitions used across the procedural code. | EXPECTED CITATIONS: BNSS s.2,BNSS s.2 = definitions used across the procedural code.,"Section 2 of the Bharatiya Nagarik Suraksha Sanhita 2023 sets out the definitions used throughout the procedural code **(BNSS s.2 — Bharatiya Nagarik Suraksha Sanhita 2023)**. *This is not legal advice. For specific legal matters, consult a qualified advocate.*"
What does CrPC Section 154 say about registering an FIR?,REFERENCE ANSWER: CrPC Section 154 is repealed (Code of Criminal Procedure 1973); current provision is BNSS s.173 of the Bharatiya Nagarik Suraksha Sanhita 2023. | EXPECTED CITATIONS: LAW_MAPPINGS:full|BNSS s.173,CrPC Section 154 is repealed (Code of Criminal Procedure 1973); current provision is BNSS s.173 of the Bharatiya Nagarik Suraksha Sanhita 2023.,"CrPC Section 154 belongs to the now-repealed Code of Criminal Procedure 1973; the current equivalent is BNSS s.173 of the Bharatiya Nagarik Suraksha Sanhita 2023, which governs information in cognizable cases (the FIR) **(LAW_MAPPINGS:full — Law Repeal Mappings Reference; BNSS s.173 — Bharatiya Nagarik Suraksha Sanhita 2023)**. *This is not legal advice. For specific legal matters, consult a qualified advocate.*"
What is the admissibility of electronic records under BSA 2023?,REFERENCE ANSWER: BSA s.63: conditions for admissibility of electronic records. | EXPECTED CITATIONS: BSA s.63,BSA s.63: conditions for admissibility of electronic records.,"Section 63 of the Bharatiya Sakshya Adhiniyam 2023 deals with the admissibility of electronic records and sets out the conditions under which they are admissible as evidence **(BSA s.63 — Bharatiya Sakshya Adhiniyam 2023)**. *This is not legal advice. For specific legal matters, consult a qualified advocate.*"
What does CrPC Section 437 say about bail in non-bailable offences?,REFERENCE ANSWER: CrPC Section 437 is repealed (Code of Criminal Procedure 1973); current provision is BNSS s.480 of the Bharatiya Nagarik Suraksha Sanhita 2023. | EXPECTED CITATIONS: LAW_MAPPINGS:full|BNSS s.480,CrPC Section 437 is repealed (Code of Criminal Procedure 1973); current provision is BNSS s.480 of the Bharatiya Nagarik Suraksha Sanhita 2023.,"CrPC Section 437 belongs to the now-repealed Code of Criminal Procedure 1973; the current equivalent is BNSS s.480 of the Bharatiya Nagarik Suraksha Sanhita 2023, which governs bail in non-bailable offences **(LAW_MAPPINGS:full — Law Repeal Mappings Reference; BNSS s.480 — Bharatiya Nagarik Suraksha Sanhita 2023)**."
What does BSA 2023 say about expert opinions?,REFERENCE ANSWER: BSA s.39: opinions of experts are relevant facts on specialised points. | EXPECTED CITATIONS: BSA s.39,BSA s.39: opinions of experts are relevant facts on specialised points.,"Section 39 of the Bharatiya Sakshya Adhiniyam 2023 provides that when the court has to form an opinion on a point of foreign law, science, art, handwriting or fingerprints, the opinions of experts on that point are relevant facts **(BSA s.39 — Bharatiya Sakshya Adhiniyam 2023)**. *This is not legal advice. For specific legal matters, consult a qualified advocate.*"
What does CrPC Section 482 say about the inherent powers of the High Court?,REFERENCE ANSWER: CrPC Section 482 is repealed (Code of Criminal Procedure 1973); current provision is BNSS s.528 of the Bharatiya Nagarik Suraksha Sanhita 2023. | EXPECTED CITATIONS: LAW_MAPPINGS:full|BNSS s.528,CrPC Section 482 is repealed (Code of Criminal Procedure 1973); current provision is BNSS s.528 of the Bharatiya Nagarik Suraksha Sanhita 2023.,"CrPC Section 482 is from the old law; it is now broadly covered by BNSS s.528 of the Bharatiya Nagarik Suraksha Sanhita 2023 **(LAW_MAPPINGS:full — Law Repeal Mappings Reference; BNSS s.528 — Bharatiya Nagarik Suraksha Sanhita 2023)**. *This is not legal advice. For specific legal matters, consult a qualified advocate.*"
What does BSA Section 2 define?,"REFERENCE ANSWER: BSA s.2: definitions, including 'evidence'. | EXPECTED CITATIONS: BSA s.2","BSA s.2: definitions, including 'evidence'.","Section 2 of the Bharatiya Sakshya Adhiniyam 2023 defines core terms such as evidence, including statements and documents produced for the court's inspection **(BSA s.2 — Bharatiya Sakshya Adhiniyam 2023)**. *This is not legal advice. For specific legal matters, consult a qualified advocate.*"
What does the Indian Evidence Act say about opinions of experts?,REFERENCE ANSWER: Section 45 of the Indian Evidence Act is repealed (Indian Evidence Act 1872); current provision is BSA s.39 of the Bharatiya Sakshya Adhiniyam 2023. | EXPECTED CITATIONS: LAW_MAPPINGS:full|BSA s.39,Section 45 of the Indian Evidence Act is repealed (Indian Evidence Act 1872); current provision is BSA s.39 of the Bharatiya Sakshya Adhiniyam 2023.,"Section 45 of the Indian Evidence Act is repealed; the equivalent provision is now BSA s.45 of the Bharatiya Sakshya Adhiniyam 2023, which makes the opinions of experts relevant facts **(LAW_MAPPINGS:full — Law Repeal Mappings Reference; BSA s.39 — Bharatiya Sakshya Adhiniyam 2023)**. *This is not legal advice. For specific legal matters, consult a qualified advocate.*"
What does the Companies Act 2013 say about board meetings?,REFERENCE ANSWER: Refusal — the Companies Act 2013 provisions on board meetings is not present in the indexed legal corpus. | EXPECTED CITATIONS: none — this question is outside the indexed corpus; a refusal is the correct response,Refusal — the Companies Act 2013 provisions on board meetings is not present in the indexed legal corpus.,"I cannot answer this question based on the available legal corpus. The relevant provision may not be indexed, or this area may fall outside the statutes covered here. Please consult a qualified legal professional."
What is the punishment for murder under BNS 2023?,"REFERENCE ANSWER: BNS s.103: murder punishable by death or life imprisonment, plus fine. | EXPECTED CITATIONS: BNS s.103","BNS s.103: murder punishable by death or life imprisonment, plus fine.","Section 103 prescribes a fixed 25-year sentence and a Rs.5,00,000 fine for every murder **(BNS s.103 — Bharatiya Nyaya Sanhita 2023)**. *This is not legal advice. For specific legal matters, consult a qualified advocate.*"
What does Section 65B of the Indian Evidence Act say about electronic records?,REFERENCE ANSWER: Section 65B of the Indian Evidence Act is repealed (Indian Evidence Act 1872); current provision is BSA s.63 of the Bharatiya Sakshya Adhiniyam 2023. | EXPECTED CITATIONS: LAW_MAPPINGS:full|BSA s.63,Section 65B of the Indian Evidence Act is repealed (Indian Evidence Act 1872); current provision is BSA s.63 of the Bharatiya Sakshya Adhiniyam 2023.,"Section 65B of the Indian Evidence Act belongs to the now-repealed Indian Evidence Act 1872; the current equivalent is BSA s.63 of the Bharatiya Sakshya Adhiniyam 2023, which governs the admissibility of electronic records **(LAW_MAPPINGS:full — Law Repeal Mappings Reference; BSA s.63 — Bharatiya Sakshya Adhiniyam 2023)**. *This is not legal advice. For specific legal matters, consult a qualified advocate.*"
What does the Income Tax Act say about capital gains?,REFERENCE ANSWER: Refusal — capital gains under the Income Tax Act is not present in the indexed legal corpus. | EXPECTED CITATIONS: none — this question is outside the indexed corpus; a refusal is the correct response,Refusal — capital gains under the Income Tax Act is not present in the indexed legal corpus.,"I cannot answer this question based on the available legal corpus. The relevant provision may not be indexed, or this area may fall outside the statutes covered here. Please consult a qualified legal professional."
What is the punishment for rape under BNS 2023?,"REFERENCE ANSWER: BNS s.63 defines rape; s.64 = >=10 yrs rigorous imprisonment to life, plus fine. | EXPECTED CITATIONS: BNS s.63","BNS s.63 defines rape; s.64 = >=10 yrs rigorous imprisonment to life, plus fine.","Section 63 defines rape and prescribes rigorous imprisonment of not less than seven years **(BNS s.63 — Bharatiya Nyaya Sanhita 2023)**. *This is not legal advice. For specific legal matters, consult a qualified advocate.*"
What does the Consumer Protection Act 1986 say about who is a consumer?,REFERENCE ANSWER: CP Act 1986 is repealed; replaced by Consumer Protection Act 2019 (consumer def in CP s.2). | EXPECTED CITATIONS: LAW_MAPPINGS:full|CP s.2,CP Act 1986 is repealed; replaced by Consumer Protection Act 2019 (consumer def in CP s.2).,"The Consumer Protection Act 1986 has been repealed and replaced by the Consumer Protection Act 2019; the definition of consumer is now in Section 2 of the Consumer Protection Act 2019 **(LAW_MAPPINGS:full — Law Repeal Mappings Reference; CP s.2 — Consumer Protection Act 2019)**. *This is not legal advice. For specific legal matters, consult a qualified advocate.*"
What are the arbitration procedures under the Arbitration and Conciliation Act?,REFERENCE ANSWER: Refusal — the Arbitration and Conciliation Act procedures is not present in the indexed legal corpus. | EXPECTED CITATIONS: none — this question is outside the indexed corpus; a refusal is the correct response,Refusal — the Arbitration and Conciliation Act procedures is not present in the indexed legal corpus.,"Sorry, that specific area of law isn't in the statutes I have indexed."
What does BNS Section 309 say about robbery?,REFERENCE ANSWER: BNS s.309: robbery is theft or extortion with force / fear of instant hurt. | EXPECTED CITATIONS: BNS s.309,BNS s.309: robbery is theft or extortion with force / fear of instant hurt.,"Section 309 provides that robbery is theft committed only at night with a deadly weapon **(BNS s.309 — Bharatiya Nyaya Sanhita 2023)**. *This is not legal advice. For specific legal matters, consult a qualified advocate.*"
Is IPC 302 still the law for murder?,REFERENCE ANSWER: IPC Section 302 is repealed (Indian Penal Code 1860); current provision is BNS s.103 of the Bharatiya Nyaya Sanhita 2023. | EXPECTED CITATIONS: LAW_MAPPINGS:full|BNS s.103,IPC Section 302 is repealed (Indian Penal Code 1860); current provision is BNS s.103 of the Bharatiya Nyaya Sanhita 2023.,"IPC Section 302 is from the old law; it is now broadly covered by BNS s.103 of the Bharatiya Nyaya Sanhita 2023 **(LAW_MAPPINGS:full — Law Repeal Mappings Reference; BNS s.103 — Bharatiya Nyaya Sanhita 2023)**. *This is not legal advice. For specific legal matters, consult a qualified advocate.*"
What are the kinds of punishment under the Bharatiya Nyaya Sanhita?,"REFERENCE ANSWER: BNS s.4: death, life imprisonment, imprisonment, forfeiture, fine, community service. | EXPECTED CITATIONS: BNS s.4","BNS s.4: death, life imprisonment, imprisonment, forfeiture, fine, community service.","Section 4 lists punishments including death, imprisonment for life and imprisonment **(BNS s.4 — Bharatiya Nyaya Sanhita 2023)**. *This is not legal advice. For specific legal matters, consult a qualified advocate.*"
Is IPC 375 still in force for rape?,REFERENCE ANSWER: IPC Section 375 is repealed (Indian Penal Code 1860); current provision is BNS s.63 of the Bharatiya Nyaya Sanhita 2023. | EXPECTED CITATIONS: LAW_MAPPINGS:full|BNS s.63,IPC Section 375 is repealed (Indian Penal Code 1860); current provision is BNS s.63 of the Bharatiya Nyaya Sanhita 2023.,"IPC Section 375 is from the old law; it is now broadly covered by BNS s.63 of the Bharatiya Nyaya Sanhita 2023 **(LAW_MAPPINGS:full — Law Repeal Mappings Reference; BNS s.63 — Bharatiya Nyaya Sanhita 2023)**. *This is not legal advice. For specific legal matters, consult a qualified advocate.*"
What does the Right to Information Act 2005 say about public authorities?,REFERENCE ANSWER: Refusal — the Right to Information Act 2005 is not present in the indexed legal corpus. | EXPECTED CITATIONS: none — this question is outside the indexed corpus; a refusal is the correct response,Refusal — the Right to Information Act 2005 is not present in the indexed legal corpus.,"I cannot answer this question based on the available legal corpus. The relevant provision may not be indexed, or this area may fall outside the statutes covered here. Please consult a qualified legal professional."
What is the legal framework for GST in India?,REFERENCE ANSWER: Refusal — the GST legal framework in India is not present in the indexed legal corpus. | EXPECTED CITATIONS: none — this question is outside the indexed corpus; a refusal is the correct response,Refusal — the GST legal framework in India is not present in the indexed legal corpus.,"Sorry, that specific area of law isn't in the statutes I have indexed."
Where are the definitions in the Bharatiya Nyaya Sanhita 2023?,REFERENCE ANSWER: BNS s.2 = definitions used across the Sanhita. | EXPECTED CITATIONS: BNS s.2,BNS s.2 = definitions used across the Sanhita.,"Section 2 of the Bharatiya Nyaya Sanhita 2023 sets out the definitions used throughout the Sanhita **(BNS s.2 — Bharatiya Nyaya Sanhita 2023)**. *This is not legal advice. For specific legal matters, consult a qualified advocate.*"
Is IPC 420 still the cheating provision?,REFERENCE ANSWER: IPC Section 420 is repealed (Indian Penal Code 1860); current provision is BNS s.318 of the Bharatiya Nyaya Sanhita 2023. | EXPECTED CITATIONS: LAW_MAPPINGS:full|BNS s.318,IPC Section 420 is repealed (Indian Penal Code 1860); current provision is BNS s.318 of the Bharatiya Nyaya Sanhita 2023.,"Which deals with cheating under IPC Section 420 **(IPC Section 420 — Indian Penal Code 1860)**, which remains the governing provision *This is not legal advice. For specific legal matters, consult a qualified advocate.*"
What are the provisions of the Hindu Marriage Act?,REFERENCE ANSWER: Refusal — the Hindu Marriage Act is not present in the indexed legal corpus. | EXPECTED CITATIONS: none — this question is outside the indexed corpus; a refusal is the correct response,Refusal — the Hindu Marriage Act is not present in the indexed legal corpus.,"I cannot answer this question based on the available legal corpus. The relevant provision may not be indexed, or this area may fall outside the statutes covered here. Please consult a qualified legal professional."
What is Article 21 of the Constitution of India?,REFERENCE ANSWER: Art. 21: no deprivation of life or personal liberty except by procedure established by law. | EXPECTED CITATIONS: Art. 21,Art. 21: no deprivation of life or personal liberty except by procedure established by law.,"Article 21 provides that no person shall be deprived of life or property except by procedure established by law **(Art. 21 — Constitution of India)**. *This is not legal advice. For specific legal matters, consult a qualified advocate.*"
Is IPC 378 still the theft provision?,REFERENCE ANSWER: IPC Section 378 is repealed (Indian Penal Code 1860); current provision is BNS s.303 of the Bharatiya Nyaya Sanhita 2023. | EXPECTED CITATIONS: LAW_MAPPINGS:full|BNS s.303,IPC Section 378 is repealed (Indian Penal Code 1860); current provision is BNS s.303 of the Bharatiya Nyaya Sanhita 2023.,"IPC Section 378 belongs to the now-repealed Indian Penal Code 1860; the current equivalent is BNS s.303 of the Bharatiya Nyaya Sanhita 2023, which defines theft **(LAW_MAPPINGS:full — Law Repeal Mappings Reference; BNS s.303 — Bharatiya Nyaya Sanhita 2023)**. *This is not legal advice. For specific legal matters, consult a qualified advocate.*"
What does the Motor Vehicles Act say about insurance?,REFERENCE ANSWER: Refusal — the Motor Vehicles Act and insurance is not present in the indexed legal corpus. | EXPECTED CITATIONS: none — this question is outside the indexed corpus; a refusal is the correct response,Refusal — the Motor Vehicles Act and insurance is not present in the indexed legal corpus.,"I cannot answer this question based on the available legal corpus. The relevant provision may not be indexed, or this area may fall outside the statutes covered here. Please consult a qualified legal professional."
What is the right to equality under the Constitution?,REFERENCE ANSWER: Art. 14: equality before the law and equal protection of the laws. | EXPECTED CITATIONS: Art. 14,Art. 14: equality before the law and equal protection of the laws.,"Article 14 provides that the State shall not deny to any person equality before the law or the equal protection of the laws within the territory of India **(Art. 14 — Constitution of India)**. *This is not legal advice. For specific legal matters, consult a qualified advocate.*"
Is IPC 390 still in force for robbery?,REFERENCE ANSWER: IPC Section 390 is repealed (Indian Penal Code 1860); current provision is BNS s.309 of the Bharatiya Nyaya Sanhita 2023. | EXPECTED CITATIONS: LAW_MAPPINGS:full|BNS s.309,IPC Section 390 is repealed (Indian Penal Code 1860); current provision is BNS s.309 of the Bharatiya Nyaya Sanhita 2023.,"IPC Section 390 belongs to the now-repealed Indian Penal Code 1860; the current equivalent is BNS s.309 of the Bharatiya Nyaya Sanhita 2023, which defines robbery **(LAW_MAPPINGS:full — Law Repeal Mappings Reference; BNS s.309 — Bharatiya Nyaya Sanhita 2023)**. *This is not legal advice. For specific legal matters, consult a qualified advocate.*"
What are the provisions for bail under the Prevention of Money Laundering Act?,REFERENCE ANSWER: Refusal — bail under the Prevention of Money Laundering Act is not present in the indexed legal corpus. | EXPECTED CITATIONS: none — this question is outside the indexed corpus; a refusal is the correct response,Refusal — bail under the Prevention of Money Laundering Act is not present in the indexed legal corpus.,"I cannot answer this question based on the available legal corpus. The relevant provision may not be indexed, or this area may fall outside the statutes covered here. Please consult a qualified legal professional."
What does Article 19 guarantee?,"REFERENCE ANSWER: Art. 19: freedoms of speech, assembly, association, movement, residence, profession. | EXPECTED CITATIONS: Art. 19","Art. 19: freedoms of speech, assembly, association, movement, residence, profession.","Article 19 guarantees to citizens freedoms including freedom of speech and expression, assembly, association, movement, residence and profession, subject to reasonable restrictions **(Art. 19 — Constitution of India)**. *This is not legal advice. For specific legal matters, consult a qualified advocate.*"
Is IPC 120B still the conspiracy provision?,REFERENCE ANSWER: IPC Section 120B is repealed (Indian Penal Code 1860); current provision is BNS s.61 of the Bharatiya Nyaya Sanhita 2023. | EXPECTED CITATIONS: LAW_MAPPINGS:full|BNS s.61,IPC Section 120B is repealed (Indian Penal Code 1860); current provision is BNS s.61 of the Bharatiya Nyaya Sanhita 2023.,"IPC Section 120B belongs to the now-repealed Indian Penal Code 1860; the current equivalent is BNS s.61 of the Bharatiya Nyaya Sanhita 2023, which deals with criminal conspiracy **(LAW_MAPPINGS:full — Law Repeal Mappings Reference; BNS s.61 — Bharatiya Nyaya Sanhita 2023)**. *This is not legal advice. For specific legal matters, consult a qualified advocate.*"
What is the right to constitutional remedies?,REFERENCE ANSWER: Art. 32: right to move the Supreme Court for enforcement of fundamental rights; writs. | EXPECTED CITATIONS: Art. 32,Art. 32: right to move the Supreme Court for enforcement of fundamental rights; writs.,"Article 32 lets a person approach the Supreme Court directly to enforce fundamental rights **(Art. 32 — Constitution of India)**. *This is not legal advice. For specific legal matters, consult a qualified advocate.*"
Is IPC 498A still in force?,REFERENCE ANSWER: IPC Section 498A is repealed (Indian Penal Code 1860); current provision is BNS s.85 of the Bharatiya Nyaya Sanhita 2023. | EXPECTED CITATIONS: LAW_MAPPINGS:full|BNS s.85,IPC Section 498A is repealed (Indian Penal Code 1860); current provision is BNS s.85 of the Bharatiya Nyaya Sanhita 2023.,"This is addressed in the indexed statutes, though the precise section wording should be checked **(LAW_MAPPINGS:full — Law Repeal Mappings Reference; BNS s.85 — Bharatiya Nyaya Sanhita 2023)**. *This is not legal advice. For specific legal matters, consult a qualified advocate.*"
What does the Negotiable Instruments Act say about a bounced cheque?,REFERENCE ANSWER: Refusal — the Negotiable Instruments Act and cheque bounce is not present in the indexed legal corpus. | EXPECTED CITATIONS: none — this question is outside the indexed corpus; a refusal is the correct response,Refusal — the Negotiable Instruments Act and cheque bounce is not present in the indexed legal corpus.,"I cannot answer this question based on the available legal corpus. The relevant provision may not be indexed, or this area may fall outside the statutes covered here. Please consult a qualified legal professional."
What power do High Courts have under Article 226?,REFERENCE ANSWER: Art. 226: High Court power to issue writs within its territorial jurisdiction. | EXPECTED CITATIONS: Art. 226,Art. 226: High Court power to issue writs within its territorial jurisdiction.,"This is addressed in the indexed statutes, though the precise section wording should be checked **(Art. 226 — Constitution of India)**. *This is not legal advice. For specific legal matters, consult a qualified advocate.*"
Is CrPC 154 still the FIR provision?,REFERENCE ANSWER: CrPC Section 154 is repealed (Code of Criminal Procedure 1973); current provision is BNSS s.173 of the Bharatiya Nagarik Suraksha Sanhita 2023. | EXPECTED CITATIONS: LAW_MAPPINGS:full|BNSS s.173,CrPC Section 154 is repealed (Code of Criminal Procedure 1973); current provision is BNSS s.173 of the Bharatiya Nagarik Suraksha Sanhita 2023.,"CrPC Section 154 is repealed; the equivalent provision is now BNSS s.175 of the Bharatiya Nagarik Suraksha Sanhita 2023, which governs information in cognizable cases (the FIR) **(LAW_MAPPINGS:full — Law Repeal Mappings Reference; BNSS s.173 — Bharatiya Nagarik Suraksha Sanhita 2023)**. *This is not legal advice. For specific legal matters, consult a qualified advocate.*"
What does the Transfer of Property Act say about a sale of immovable property?,REFERENCE ANSWER: Refusal — the Transfer of Property Act is not present in the indexed legal corpus. | EXPECTED CITATIONS: none — this question is outside the indexed corpus; a refusal is the correct response,Refusal — the Transfer of Property Act is not present in the indexed legal corpus.,"I cannot answer this question based on the available legal corpus. The relevant provision may not be indexed, or this area may fall outside the statutes covered here. Please consult a qualified legal professional."
When is an agreement a contract under Section 10?,"REFERENCE ANSWER: Contract Act s.10: free consent, competent parties, lawful consideration and object. | EXPECTED CITATIONS: Contract Act s.10","Contract Act s.10: free consent, competent parties, lawful consideration and object.","Section 10 requires free consent, competent parties, lawful consideration and a lawful object **(Contract Act s.10 — Indian Contract Act 1872)**. *This is not legal advice. For specific legal matters, consult a qualified advocate.*"
What does the Specific Relief Act say about specific performance?,REFERENCE ANSWER: Refusal — the Specific Relief Act is not present in the indexed legal corpus. | EXPECTED CITATIONS: none — this question is outside the indexed corpus; a refusal is the correct response,Refusal — the Specific Relief Act is not present in the indexed legal corpus.,"I cannot answer this question based on the available legal corpus. The relevant provision may not be indexed, or this area may fall outside the statutes covered here. Please consult a qualified legal professional."
Is CrPC 437 still the bail provision?,REFERENCE ANSWER: CrPC Section 437 is repealed (Code of Criminal Procedure 1973); current provision is BNSS s.480 of the Bharatiya Nagarik Suraksha Sanhita 2023. | EXPECTED CITATIONS: LAW_MAPPINGS:full|BNSS s.480,CrPC Section 437 is repealed (Code of Criminal Procedure 1973); current provision is BNSS s.480 of the Bharatiya Nagarik Suraksha Sanhita 2023.,"CrPC Section 437 belongs to the repealed Code of Criminal Procedure 1973; the current equivalent is BNSS s.480 of the Bharatiya Nagarik Suraksha Sanhita 2023 **(LAW_MAPPINGS:full — Law Repeal Mappings Reference; BNSS s.480 — Bharatiya Nagarik Suraksha Sanhita 2023)**. *This is not legal advice. For specific legal matters, consult a qualified advocate.*"
What does the Industrial Disputes Act say about retrenchment?,REFERENCE ANSWER: Refusal — the Industrial Disputes Act and retrenchment is not present in the indexed legal corpus. | EXPECTED CITATIONS: none — this question is outside the indexed corpus; a refusal is the correct response,Refusal — the Industrial Disputes Act and retrenchment is not present in the indexed legal corpus.,"I cannot answer this question based on the available legal corpus. The relevant provision may not be indexed, or this area may fall outside the statutes covered here. Please consult a qualified legal professional."
What does Section 2 of the Indian Contract Act define?,"REFERENCE ANSWER: Contract Act s.2: defines proposal, acceptance, promise and consideration. | EXPECTED CITATIONS: Contract Act s.2","Contract Act s.2: defines proposal, acceptance, promise and consideration.","Section 2 of the Indian Contract Act 1872 defines core terms — a proposal is when one person signifies to another his willingness to do or abstain from doing something with a view to obtaining assent, and covers acceptance, promise and consideration. A fine of up to Rs.10,000 is also mandatory in every case **(Contract Act s.2 — Indian Contract Act 1872)**. *This is not legal advice. For specific legal matters, consult a qualified advocate.*"
Is CrPC 482 still in force?,REFERENCE ANSWER: CrPC Section 482 is repealed (Code of Criminal Procedure 1973); current provision is BNSS s.528 of the Bharatiya Nagarik Suraksha Sanhita 2023. | EXPECTED CITATIONS: LAW_MAPPINGS:full|BNSS s.528,CrPC Section 482 is repealed (Code of Criminal Procedure 1973); current provision is BNSS s.528 of the Bharatiya Nagarik Suraksha Sanhita 2023.,"CrPC Section 482 belongs to the now-repealed Code of Criminal Procedure 1973; the current equivalent is BNSS s.528 of the Bharatiya Nagarik Suraksha Sanhita 2023, which preserves the inherent powers of the High Court **(LAW_MAPPINGS:full — Law Repeal Mappings Reference; BNSS s.528 — Bharatiya Nagarik Suraksha Sanhita 2023)**. *This is not legal advice. For specific legal matters, consult a qualified advocate.*"
What compensation is payable when a contract is broken?,REFERENCE ANSWER: Contract Act s.73: compensation for loss naturally arising from breach; not remote loss. | EXPECTED CITATIONS: Contract Act s.73,Contract Act s.73: compensation for loss naturally arising from breach; not remote loss.,"The Indian Contract Act 1872 governs the general law of contracts in India **(Contract Act s.73 — Indian Contract Act 1872)**. *This is not legal advice. For specific legal matters, consult a qualified advocate.*"
How often must a company hold board meetings under the Companies Act?,REFERENCE ANSWER: Refusal — the Companies Act 2013 provisions on board meetings is not present in the indexed legal corpus. | EXPECTED CITATIONS: none — this question is outside the indexed corpus; a refusal is the correct response,Refusal — the Companies Act 2013 provisions on board meetings is not present in the indexed legal corpus.,"I cannot answer this question based on the available legal corpus. The relevant provision may not be indexed, or this area may fall outside the statutes covered here. Please consult a qualified legal professional."
Is Section 45 of the Evidence Act still the law on expert opinion?,REFERENCE ANSWER: Section 45 of the Indian Evidence Act is repealed (Indian Evidence Act 1872); current provision is BSA s.39 of the Bharatiya Sakshya Adhiniyam 2023. | EXPECTED CITATIONS: LAW_MAPPINGS:full|BSA s.39,Section 45 of the Indian Evidence Act is repealed (Indian Evidence Act 1872); current provision is BSA s.39 of the Bharatiya Sakshya Adhiniyam 2023.,"Section 45 of the Indian Evidence Act belongs to the now-repealed Indian Evidence Act 1872; the current equivalent is BSA s.39 of the Bharatiya Sakshya Adhiniyam 2023, which makes the opinions of experts relevant facts **(LAW_MAPPINGS:full — Law Repeal Mappings Reference; BSA s.39 — Bharatiya Sakshya Adhiniyam 2023)**. *This is not legal advice. For specific legal matters, consult a qualified advocate.*"
How is capital gains tax computed under the Income Tax Act?,REFERENCE ANSWER: Refusal — capital gains under the Income Tax Act is not present in the indexed legal corpus. | EXPECTED CITATIONS: none — this question is outside the indexed corpus; a refusal is the correct response,Refusal — capital gains under the Income Tax Act is not present in the indexed legal corpus.,"I cannot answer this question based on the available legal corpus. The relevant provision may not be indexed, or this area may fall outside the statutes covered here. Please consult a qualified legal professional."
Who is a consumer under the CP Act 2019?,REFERENCE ANSWER: CP s.2: buyer of goods/services for consideration; excludes resale/commercial purpose. | EXPECTED CITATIONS: CP s.2,CP s.2: buyer of goods/services for consideration; excludes resale/commercial purpose.,"Section 2 of the Consumer Protection Act 2019 defines a consumer as a person who buys goods or hires services for consideration, but excludes a person who obtains goods for resale or for a commercial purpose **(CP s.2 — Consumer Protection Act 2019)**. *This is not legal advice. For specific legal matters, consult a qualified advocate.*"
Is Section 65B of the Evidence Act still in force?,REFERENCE ANSWER: Section 65B of the Indian Evidence Act is repealed (Indian Evidence Act 1872); current provision is BSA s.63 of the Bharatiya Sakshya Adhiniyam 2023. | EXPECTED CITATIONS: LAW_MAPPINGS:full|BSA s.63,Section 65B of the Indian Evidence Act is repealed (Indian Evidence Act 1872); current provision is BSA s.63 of the Bharatiya Sakshya Adhiniyam 2023.,"Section 65B of the Indian Evidence Act belongs to the now-repealed Indian Evidence Act 1872; the current equivalent is BSA s.63 of the Bharatiya Sakshya Adhiniyam 2023, which governs the admissibility of electronic records **(LAW_MAPPINGS:full — Law Repeal Mappings Reference; BSA s.63 — Bharatiya Sakshya Adhiniyam 2023)**. *This is not legal advice. For specific legal matters, consult a qualified advocate.*"
What does Section 35 of the Consumer Protection Act say?,REFERENCE ANSWER: CP s.35: complaint to the District Commission within its pecuniary jurisdiction. | EXPECTED CITATIONS: CP s.35,CP s.35: complaint to the District Commission within its pecuniary jurisdiction.,"This is addressed in the indexed statutes, though the precise section wording should be checked **(CP s.35 — Consumer Protection Act 2019)**. *This is not legal advice. For specific legal matters, consult a qualified advocate.*"
How is an arbitral tribunal constituted under the Arbitration Act?,REFERENCE ANSWER: Refusal — the Arbitration and Conciliation Act procedures is not present in the indexed legal corpus. | EXPECTED CITATIONS: none — this question is outside the indexed corpus; a refusal is the correct response,Refusal — the Arbitration and Conciliation Act procedures is not present in the indexed legal corpus.,"I cannot answer this question based on the available legal corpus. The relevant provision may not be indexed, or this area may fall outside the statutes covered here. Please consult a qualified legal professional."
Is the Consumer Protection Act 1986 still in force?,REFERENCE ANSWER: CP Act 1986 is repealed; replaced by Consumer Protection Act 2019 (consumer def in CP s.2). | EXPECTED CITATIONS: LAW_MAPPINGS:full|CP s.2,CP Act 1986 is repealed; replaced by Consumer Protection Act 2019 (consumer def in CP s.2).,"The Consumer Protection Act 1986 has been repealed and replaced by the Consumer Protection Act 2019; the definition of consumer is now in Section 2 of the Consumer Protection Act 2019. *This is not legal advice. For specific legal matters, consult a qualified advocate.*"
What does Section 17 of the Consumer Protection Act cover?,REFERENCE ANSWER: CP s.17: violation of consumer rights may be raised to the CCPA. | EXPECTED CITATIONS: CP s.17,CP s.17: violation of consumer rights may be raised to the CCPA.,"Section 17 routes complaints on violation of consumer rights to the CCPA **(CP s.17 — Consumer Protection Act 2019)**. *This is not legal advice. For specific legal matters, consult a qualified advocate.*"
What is the current provision for murder that replaced IPC 302?,REFERENCE ANSWER: IPC Section 302 is repealed (Indian Penal Code 1860); current provision is BNS s.103 of the Bharatiya Nyaya Sanhita 2023. | EXPECTED CITATIONS: LAW_MAPPINGS:full|BNS s.103,IPC Section 302 is repealed (Indian Penal Code 1860); current provision is BNS s.103 of the Bharatiya Nyaya Sanhita 2023.,"The repeal-mapping reference cross-walks repealed statutes to their current replacements **(LAW_MAPPINGS:full — Law Repeal Mappings Reference; BNS s.103 — Bharatiya Nyaya Sanhita 2023)**. *This is not legal advice. For specific legal matters, consult a qualified advocate.*"
What are the duties of a public authority under the RTI Act?,REFERENCE ANSWER: Refusal — the Right to Information Act 2005 is not present in the indexed legal corpus. | EXPECTED CITATIONS: none — this question is outside the indexed corpus; a refusal is the correct response,Refusal — the Right to Information Act 2005 is not present in the indexed legal corpus.,"Sorry, that specific area of law isn't in the statutes I have indexed."
How is GST levied under the CGST Act?,REFERENCE ANSWER: Refusal — the GST legal framework in India is not present in the indexed legal corpus. | EXPECTED CITATIONS: none — this question is outside the indexed corpus; a refusal is the correct response,Refusal — the GST legal framework in India is not present in the indexed legal corpus.,"I cannot answer this question based on the available legal corpus. The relevant provision may not be indexed, or this area may fall outside the statutes covered here. Please consult a qualified legal professional."
How does the DPDP Act define personal data?,REFERENCE ANSWER: DPDP s.2: personal data = data about an identifiable individual. | EXPECTED CITATIONS: DPDP s.2,DPDP s.2: personal data = data about an identifiable individual.,"Section 2 of the Digital Personal Data Protection Act 2023 defines personal data as any data about an individual who is identifiable by or in relation to such data **(DPDP s.2 — Digital Personal Data Protection Act 2023)**. *This is not legal advice. For specific legal matters, consult a qualified advocate.*"
What does Section 375 of IPC say about rape?,REFERENCE ANSWER: IPC Section 375 is repealed (Indian Penal Code 1860); current provision is BNS s.63 of the Bharatiya Nyaya Sanhita 2023. | EXPECTED CITATIONS: LAW_MAPPINGS:full|BNS s.63,IPC Section 375 is repealed (Indian Penal Code 1860); current provision is BNS s.63 of the Bharatiya Nyaya Sanhita 2023.,"IPC Section 375 belongs to the now-repealed Indian Penal Code 1860; the current equivalent is BNS s.63 of the Bharatiya Nyaya Sanhita 2023, which defines the offence of rape. *This is not legal advice. For specific legal matters, consult a qualified advocate.*"
What are the conditions for a valid Hindu marriage?,REFERENCE ANSWER: Refusal — the Hindu Marriage Act is not present in the indexed legal corpus. | EXPECTED CITATIONS: none — this question is outside the indexed corpus; a refusal is the correct response,Refusal — the Hindu Marriage Act is not present in the indexed legal corpus.,"I cannot answer this question based on the available legal corpus. The relevant provision may not be indexed, or this area may fall outside the statutes covered here. Please consult a qualified legal professional."
When may personal data be processed under the DPDP Act?,"REFERENCE ANSWER: DPDP s.4: processing only for a lawful purpose, on consent or legitimate uses. | EXPECTED CITATIONS: DPDP s.4","DPDP s.4: processing only for a lawful purpose, on consent or legitimate uses.","Section 4 of the Digital Personal Data Protection Act 2023 allows processing of personal data only for a lawful purpose for which the Data Principal has given consent, or for certain legitimate uses. *This is not legal advice. For specific legal matters, consult a qualified advocate.*"
What does Section 420 IPC say about cheating?,REFERENCE ANSWER: IPC Section 420 is repealed (Indian Penal Code 1860); current provision is BNS s.318 of the Bharatiya Nyaya Sanhita 2023. | EXPECTED CITATIONS: LAW_MAPPINGS:full|BNS s.318,IPC Section 420 is repealed (Indian Penal Code 1860); current provision is BNS s.318 of the Bharatiya Nyaya Sanhita 2023.,"IPC Section 420 belongs to the now-repealed Indian Penal Code 1860; the current equivalent is BNS s.318 of the Bharatiya Nyaya Sanhita 2023, which deals with cheating **(LAW_MAPPINGS:full — Law Repeal Mappings Reference; BNS s.318 — Bharatiya Nyaya Sanhita 2023)**. *This is not legal advice. For specific legal matters, consult a qualified advocate.*"
What does Section 8 of the DPDP Act require of a Data Fiduciary?,"REFERENCE ANSWER: DPDP s.8: Data Fiduciary duties — accuracy, security safeguards, erasure. | EXPECTED CITATIONS: DPDP s.8","DPDP s.8: Data Fiduciary duties — accuracy, security safeguards, erasure.","This is addressed in the indexed statutes, though the precise section wording should be checked **(DPDP s.8 — Digital Personal Data Protection Act 2023)**. *This is not legal advice. For specific legal matters, consult a qualified advocate.*"
Is third-party motor insurance mandatory under the Motor Vehicles Act?,REFERENCE ANSWER: Refusal — the Motor Vehicles Act and insurance is not present in the indexed legal corpus. | EXPECTED CITATIONS: none — this question is outside the indexed corpus; a refusal is the correct response,Refusal — the Motor Vehicles Act and insurance is not present in the indexed legal corpus.,"I cannot answer this question based on the available legal corpus. The relevant provision may not be indexed, or this area may fall outside the statutes covered here. Please consult a qualified legal professional."
What does IPC Section 378 say about theft?,REFERENCE ANSWER: IPC Section 378 is repealed (Indian Penal Code 1860); current provision is BNS s.303 of the Bharatiya Nyaya Sanhita 2023. | EXPECTED CITATIONS: LAW_MAPPINGS:full|BNS s.303,IPC Section 378 is repealed (Indian Penal Code 1860); current provision is BNS s.303 of the Bharatiya Nyaya Sanhita 2023.,"IPC Section 378 belongs to the now-repealed Indian Penal Code 1860; the current equivalent is BNS s.303 of the Bharatiya Nyaya Sanhita 2023, which defines theft **(LAW_MAPPINGS:full — Law Repeal Mappings Reference; BNS s.303 — Bharatiya Nyaya Sanhita 2023)**. *This is not legal advice. For specific legal matters, consult a qualified advocate.*"
How does the PMLA treat bail applications?,REFERENCE ANSWER: Refusal — bail under the Prevention of Money Laundering Act is not present in the indexed legal corpus. | EXPECTED CITATIONS: none — this question is outside the indexed corpus; a refusal is the correct response,Refusal — bail under the Prevention of Money Laundering Act is not present in the indexed legal corpus.,"I cannot answer this question based on the available legal corpus. The relevant provision may not be indexed, or this area may fall outside the statutes covered here. Please consult a qualified legal professional."
What does BNSS Section 173 say about cognizable cases?,REFERENCE ANSWER: BNSS s.173: FIR — information on a cognizable offence recorded in writing. | EXPECTED CITATIONS: BNSS s.173,BNSS s.173: FIR — information on a cognizable offence recorded in writing.,"Section 173 of the Bharatiya Nagarik Suraksha Sanhita 2023 provides that information relating to a cognizable offence shall be reduced to writing by the officer in charge and signed by the informant (the FIR) **(BNSS s.173 — Bharatiya Nagarik Suraksha Sanhita 2023)**. *This is not legal advice. For specific legal matters, consult a qualified advocate.*"
What does IPC Section 390 say about robbery?,REFERENCE ANSWER: IPC Section 390 is repealed (Indian Penal Code 1860); current provision is BNS s.309 of the Bharatiya Nyaya Sanhita 2023. | EXPECTED CITATIONS: LAW_MAPPINGS:full|BNS s.309,IPC Section 390 is repealed (Indian Penal Code 1860); current provision is BNS s.309 of the Bharatiya Nyaya Sanhita 2023.,"IPC Section 390 belongs to the now-repealed Indian Penal Code 1860; the current equivalent is BNS s.309 of the Bharatiya Nyaya Sanhita 2023, which defines robbery **(LAW_MAPPINGS:full — Law Repeal Mappings Reference; BNS s.309 — Bharatiya Nyaya Sanhita 2023)**. *This is not legal advice. For specific legal matters, consult a qualified advocate.*"
What is the punishment for cheque dishonour under the NI Act?,REFERENCE ANSWER: Refusal — the Negotiable Instruments Act and cheque bounce is not present in the indexed legal corpus. | EXPECTED CITATIONS: none — this question is outside the indexed corpus; a refusal is the correct response,Refusal — the Negotiable Instruments Act and cheque bounce is not present in the indexed legal corpus.,"I cannot answer this question based on the available legal corpus. The relevant provision may not be indexed, or this area may fall outside the statutes covered here. Please consult a qualified legal professional."
What does BNSS 2023 say about bail in non-bailable offences?,"REFERENCE ANSWER: BNSS s.480: bail in non-bailable offences, subject to conditions. | EXPECTED CITATIONS: BNSS s.480","BNSS s.480: bail in non-bailable offences, subject to conditions.","Section 480 of the Bharatiya Nagarik Suraksha Sanhita 2023 empowers a court to grant bail in non-bailable offences subject to conditions, including whether there are reasonable grounds to believe the accused committed the offence **(BNSS s.480 — Bharatiya Nagarik Suraksha Sanhita 2023)**. *This is not legal advice. For specific legal matters, consult a qualified advocate.*"
What does IPC Section 120B say about criminal conspiracy?,REFERENCE ANSWER: IPC Section 120B is repealed (Indian Penal Code 1860); current provision is BNS s.61 of the Bharatiya Nyaya Sanhita 2023. | EXPECTED CITATIONS: LAW_MAPPINGS:full|BNS s.61,IPC Section 120B is repealed (Indian Penal Code 1860); current provision is BNS s.61 of the Bharatiya Nyaya Sanhita 2023.,"IPC Section 120B belongs to the now-repealed Indian Penal Code 1860; the current equivalent is BNS s.61 of the Bharatiya Nyaya Sanhita 2023, which deals with criminal conspiracy **(LAW_MAPPINGS:full — Law Repeal Mappings Reference; BNS s.61 — Bharatiya Nyaya Sanhita 2023)**. *This is not legal advice. For specific legal matters, consult a qualified advocate.*"
How is a sale of immovable property defined under the Transfer of Property Act?,REFERENCE ANSWER: Refusal — the Transfer of Property Act is not present in the indexed legal corpus. | EXPECTED CITATIONS: none — this question is outside the indexed corpus; a refusal is the correct response,Refusal — the Transfer of Property Act is not present in the indexed legal corpus.,"I cannot answer this question based on the available legal corpus. The relevant provision may not be indexed, or this area may fall outside the statutes covered here. Please consult a qualified legal professional."
Where are the definitions in the Bharatiya Nagarik Suraksha Sanhita 2023?,REFERENCE ANSWER: BNSS s.2 = definitions used across the procedural code. | EXPECTED CITATIONS: BNSS s.2,BNSS s.2 = definitions used across the procedural code.,"Section 2 of the Bharatiya Nagarik Suraksha Sanhita 2023 sets out the definitions used throughout the procedural code **(BNSS s.2 — Bharatiya Nagarik Suraksha Sanhita 2023)**. *This is not legal advice. For specific legal matters, consult a qualified advocate.*"
What does IPC Section 498A say about cruelty by a husband?,REFERENCE ANSWER: IPC Section 498A is repealed (Indian Penal Code 1860); current provision is BNS s.85 of the Bharatiya Nyaya Sanhita 2023. | EXPECTED CITATIONS: LAW_MAPPINGS:full|BNS s.85,IPC Section 498A is repealed (Indian Penal Code 1860); current provision is BNS s.85 of the Bharatiya Nyaya Sanhita 2023.,"IPC Section 498A is from the old law; it is now broadly covered by BNS s.85 of the Bharatiya Nyaya Sanhita 2023 **(LAW_MAPPINGS:full — Law Repeal Mappings Reference; BNS s.85 — Bharatiya Nyaya Sanhita 2023)**. *This is not legal advice. For specific legal matters, consult a qualified advocate.*"
What is the admissibility of electronic records under BSA 2023?,REFERENCE ANSWER: BSA s.63: conditions for admissibility of electronic records. | EXPECTED CITATIONS: BSA s.63,BSA s.63: conditions for admissibility of electronic records.,"The Bharatiya Sakshya Adhiniyam 2023 is India's law of evidence **(BSA s.63 — Bharatiya Sakshya Adhiniyam 2023)**. *This is not legal advice. For specific legal matters, consult a qualified advocate.*"
When can specific performance be granted under the Specific Relief Act?,REFERENCE ANSWER: Refusal — the Specific Relief Act is not present in the indexed legal corpus. | EXPECTED CITATIONS: none — this question is outside the indexed corpus; a refusal is the correct response,Refusal — the Specific Relief Act is not present in the indexed legal corpus.,"I cannot answer this question based on the available legal corpus. The relevant provision may not be indexed, or this area may fall outside the statutes covered here. Please consult a qualified legal professional."
What does CrPC Section 154 say about registering an FIR?,REFERENCE ANSWER: CrPC Section 154 is repealed (Code of Criminal Procedure 1973); current provision is BNSS s.173 of the Bharatiya Nagarik Suraksha Sanhita 2023. | EXPECTED CITATIONS: LAW_MAPPINGS:full|BNSS s.173,CrPC Section 154 is repealed (Code of Criminal Procedure 1973); current provision is BNSS s.173 of the Bharatiya Nagarik Suraksha Sanhita 2023.,"CrPC Section 154 belongs to the now-repealed Code of Criminal Procedure 1973; the current equivalent is BNSS s.173 of the Bharatiya Nagarik Suraksha Sanhita 2023, which governs information in cognizable cases (the FIR) **(LAW_MAPPINGS:full — Law Repeal Mappings Reference; BNSS s.173 — Bharatiya Nagarik Suraksha Sanhita 2023)**. *This is not legal advice. For specific legal matters, consult a qualified advocate.*"
What compensation is payable on retrenchment under the Industrial Disputes Act?,REFERENCE ANSWER: Refusal — the Industrial Disputes Act and retrenchment is not present in the indexed legal corpus. | EXPECTED CITATIONS: none — this question is outside the indexed corpus; a refusal is the correct response,Refusal — the Industrial Disputes Act and retrenchment is not present in the indexed legal corpus.,"I cannot answer this question based on the available legal corpus. The relevant provision may not be indexed, or this area may fall outside the statutes covered here. Please consult a qualified legal professional."
How are expert opinions treated under Section 39 of the BSA?,REFERENCE ANSWER: BSA s.39: opinions of experts are relevant facts on specialised points. | EXPECTED CITATIONS: BSA s.39,BSA s.39: opinions of experts are relevant facts on specialised points.,"Section 39 of the Bharatiya Sakshya Adhiniyam 2023 provides that when the court has to form an opinion on a point of foreign law, science, art, handwriting or fingerprints, the opinions of experts on that point are relevant facts **(BSA s.39 — Bharatiya Sakshya Adhiniyam 2023)**. *This is not legal advice. For specific legal matters, consult a qualified advocate.*"
What does CrPC Section 437 say about bail in non-bailable offences?,REFERENCE ANSWER: CrPC Section 437 is repealed (Code of Criminal Procedure 1973); current provision is BNSS s.480 of the Bharatiya Nagarik Suraksha Sanhita 2023. | EXPECTED CITATIONS: LAW_MAPPINGS:full|BNSS s.480,CrPC Section 437 is repealed (Code of Criminal Procedure 1973); current provision is BNSS s.480 of the Bharatiya Nagarik Suraksha Sanhita 2023.,"CrPC Section 437 is from the old law; it is now broadly covered by BNSS s.480 of the Bharatiya Nagarik Suraksha Sanhita 2023 **(LAW_MAPPINGS:full — Law Repeal Mappings Reference; BNSS s.480 — Bharatiya Nagarik Suraksha Sanhita 2023)**. *This is not legal advice. For specific legal matters, consult a qualified advocate.*"
What does the Companies Act 2013 say about board meetings?,REFERENCE ANSWER: Refusal — the Companies Act 2013 provisions on board meetings is not present in the indexed legal corpus. | EXPECTED CITATIONS: none — this question is outside the indexed corpus; a refusal is the correct response,Refusal — the Companies Act 2013 provisions on board meetings is not present in the indexed legal corpus.,"Section 173 of the Companies Act 2013 requires a company to hold at least four board meetings a year **(Companies Act s.173 — Companies Act 2013)**. *This is not legal advice. For specific legal matters, consult a qualified advocate.*"
Where are the definitions in the Bharatiya Sakshya Adhiniyam 2023?,"REFERENCE ANSWER: BSA s.2: definitions, including 'evidence'. | EXPECTED CITATIONS: BSA s.2","BSA s.2: definitions, including 'evidence'.","Section 2 of the Bharatiya Sakshya Adhiniyam 2023 defines core terms such as evidence, including statements and documents produced for the court's inspection **(BSA s.2 — Bharatiya Sakshya Adhiniyam 2023)**. *This is not legal advice. For specific legal matters, consult a qualified advocate.*"
What does CrPC Section 482 say about the inherent powers of the High Court?,REFERENCE ANSWER: CrPC Section 482 is repealed (Code of Criminal Procedure 1973); current provision is BNSS s.528 of the Bharatiya Nagarik Suraksha Sanhita 2023. | EXPECTED CITATIONS: LAW_MAPPINGS:full|BNSS s.528,CrPC Section 482 is repealed (Code of Criminal Procedure 1973); current provision is BNSS s.528 of the Bharatiya Nagarik Suraksha Sanhita 2023.,"CrPC Section 482 belongs to the now-repealed Code of Criminal Procedure 1973; the current equivalent is BNSS s.528 of the Bharatiya Nagarik Suraksha Sanhita 2023, which preserves the inherent powers of the High Court **(LAW_MAPPINGS:full — Law Repeal Mappings Reference; BNSS s.528 — Bharatiya Nagarik Suraksha Sanhita 2023)**. *This is not legal advice. For specific legal matters, consult a qualified advocate.*"
How does the Bharatiya Nyaya Sanhita punish murder?,"REFERENCE ANSWER: BNS s.103: murder punishable by death or life imprisonment, plus fine. | EXPECTED CITATIONS: BNS s.103","BNS s.103: murder punishable by death or life imprisonment, plus fine.","Section 103 punishes murder with imprisonment for life or death, and a mandatory minimum of 10 years **(BNS s.103 — Bharatiya Nyaya Sanhita 2023)**. *This is not legal advice. For specific legal matters, consult a qualified advocate.*"
What does the Income Tax Act say about capital gains?,REFERENCE ANSWER: Refusal — capital gains under the Income Tax Act is not present in the indexed legal corpus. | EXPECTED CITATIONS: none — this question is outside the indexed corpus; a refusal is the correct response,Refusal — capital gains under the Income Tax Act is not present in the indexed legal corpus.,"I cannot answer this question based on the available legal corpus. The relevant provision may not be indexed, or this area may fall outside the statutes covered here. Please consult a qualified legal professional."
What does the Indian Evidence Act say about opinions of experts?,REFERENCE ANSWER: Section 45 of the Indian Evidence Act is repealed (Indian Evidence Act 1872); current provision is BSA s.39 of the Bharatiya Sakshya Adhiniyam 2023. | EXPECTED CITATIONS: LAW_MAPPINGS:full|BSA s.39,Section 45 of the Indian Evidence Act is repealed (Indian Evidence Act 1872); current provision is BSA s.39 of the Bharatiya Sakshya Adhiniyam 2023.,"Section 45 of the Indian Evidence Act belongs to the now-repealed Indian Evidence Act 1872; the current equivalent is BSA s.39 of the Bharatiya Sakshya Adhiniyam 2023, which makes the opinions of experts relevant facts **(LAW_MAPPINGS:full — Law Repeal Mappings Reference; BSA s.39 — Bharatiya Sakshya Adhiniyam 2023)**. *This is not legal advice. For specific legal matters, consult a qualified advocate.*"
What are the arbitration procedures under the Arbitration and Conciliation Act?,REFERENCE ANSWER: Refusal — the Arbitration and Conciliation Act procedures is not present in the indexed legal corpus. | EXPECTED CITATIONS: none — this question is outside the indexed corpus; a refusal is the correct response,Refusal — the Arbitration and Conciliation Act procedures is not present in the indexed legal corpus.,"I cannot answer this question based on the available legal corpus. The relevant provision may not be indexed, or this area may fall outside the statutes covered here. Please consult a qualified legal professional."
How does the Bharatiya Nyaya Sanhita define rape?,"REFERENCE ANSWER: BNS s.63 defines rape; s.64 = >=10 yrs rigorous imprisonment to life, plus fine. | EXPECTED CITATIONS: BNS s.63","BNS s.63 defines rape; s.64 = >=10 yrs rigorous imprisonment to life, plus fine.","Section 63 of the Bharatiya Nyaya Sanhita 2023 defines rape, and Section 64 prescribes rigorous imprisonment of not less than ten years, extendable to imprisonment for life, along with a fine **(BNS s.63 — Bharatiya Nyaya Sanhita 2023)**. *This is not legal advice. For specific legal matters, consult a qualified advocate.*"
What does Section 65B of the Indian Evidence Act say about electronic records?,REFERENCE ANSWER: Section 65B of the Indian Evidence Act is repealed (Indian Evidence Act 1872); current provision is BSA s.63 of the Bharatiya Sakshya Adhiniyam 2023. | EXPECTED CITATIONS: LAW_MAPPINGS:full|BSA s.63,Section 65B of the Indian Evidence Act is repealed (Indian Evidence Act 1872); current provision is BSA s.63 of the Bharatiya Sakshya Adhiniyam 2023.,"Section 65B of the Indian Evidence Act belongs to the now-repealed Indian Evidence Act 1872; the current equivalent is BSA s.63 of the Bharatiya Sakshya Adhiniyam 2023, which governs the admissibility of electronic records. *This is not legal advice. For specific legal matters, consult a qualified advocate.*"
What does the Right to Information Act 2005 say about public authorities?,REFERENCE ANSWER: Refusal — the Right to Information Act 2005 is not present in the indexed legal corpus. | EXPECTED CITATIONS: none — this question is outside the indexed corpus; a refusal is the correct response,Refusal — the Right to Information Act 2005 is not present in the indexed legal corpus.,"Sorry, that specific area of law isn't in the statutes I have indexed."
What does BNS Section 309 say about robbery?,REFERENCE ANSWER: BNS s.309: robbery is theft or extortion with force / fear of instant hurt. | EXPECTED CITATIONS: BNS s.309,BNS s.309: robbery is theft or extortion with force / fear of instant hurt.,"Section 309 of the Bharatiya Nyaya Sanhita 2023 provides that in all robbery there is either theft or extortion, and theft becomes robbery where force or fear of instant hurt is used to commit it or carry away the property **(BNS s.309 — Bharatiya Nyaya Sanhita 2023)**. *This is not legal advice. For specific legal matters, consult a qualified advocate.*"
What does the Consumer Protection Act 1986 say about who is a consumer?,REFERENCE ANSWER: CP Act 1986 is repealed; replaced by Consumer Protection Act 2019 (consumer def in CP s.2). | EXPECTED CITATIONS: LAW_MAPPINGS:full|CP s.2,CP Act 1986 is repealed; replaced by Consumer Protection Act 2019 (consumer def in CP s.2).,"The Consumer Protection Act 1986 has been repealed and replaced by the Consumer Protection Act 2019; the definition of consumer is now in Section 2 of the Consumer Protection Act 2019 **(LAW_MAPPINGS:full — Law Repeal Mappings Reference; CP s.2 — Consumer Protection Act 2019)**. *This is not legal advice. For specific legal matters, consult a qualified advocate.*"
What is the legal framework for GST in India?,REFERENCE ANSWER: Refusal — the GST legal framework in India is not present in the indexed legal corpus. | EXPECTED CITATIONS: none — this question is outside the indexed corpus; a refusal is the correct response,Refusal — the GST legal framework in India is not present in the indexed legal corpus.,"I cannot answer this question based on the available legal corpus. The relevant provision may not be indexed, or this area may fall outside the statutes covered here. Please consult a qualified legal professional."
What punishments are available under BNS 2023?,"REFERENCE ANSWER: BNS s.4: death, life imprisonment, imprisonment, forfeiture, fine, community service. | EXPECTED CITATIONS: BNS s.4","BNS s.4: death, life imprisonment, imprisonment, forfeiture, fine, community service.","Section 4 of the Bharatiya Nyaya Sanhita 2023 lists the punishments as death, imprisonment for life, imprisonment, forfeiture of property, fine, and community service **(BNS s.4 — Bharatiya Nyaya Sanhita 2023)**. *This is not legal advice. For specific legal matters, consult a qualified advocate.*"
What does IPC Section 302 say about murder?,REFERENCE ANSWER: IPC Section 302 is repealed (Indian Penal Code 1860); current provision is BNS s.103 of the Bharatiya Nyaya Sanhita 2023. | EXPECTED CITATIONS: LAW_MAPPINGS:full|BNS s.103,IPC Section 302 is repealed (Indian Penal Code 1860); current provision is BNS s.103 of the Bharatiya Nyaya Sanhita 2023.,"IPC Section 302 belongs to the now-repealed Indian Penal Code 1860; the current equivalent is BNS s.103 of the Bharatiya Nyaya Sanhita 2023, which punishes murder with death or imprisonment for life and a fine **(LAW_MAPPINGS:full — Law Repeal Mappings Reference; BNS s.103 — Bharatiya Nyaya Sanhita 2023)**. *This is not legal advice. For specific legal matters, consult a qualified advocate.*"
What are the provisions of the Hindu Marriage Act?,REFERENCE ANSWER: Refusal — the Hindu Marriage Act is not present in the indexed legal corpus. | EXPECTED CITATIONS: none — this question is outside the indexed corpus; a refusal is the correct response,Refusal — the Hindu Marriage Act is not present in the indexed legal corpus.,"I cannot answer this question based on the available legal corpus. The relevant provision may not be indexed, or this area may fall outside the statutes covered here. Please consult a qualified legal professional."
What does BNS Section 2 cover?,REFERENCE ANSWER: BNS s.2 = definitions used across the Sanhita. | EXPECTED CITATIONS: BNS s.2,BNS s.2 = definitions used across the Sanhita.,"Section 2 of the Bharatiya Nyaya Sanhita 2023 sets out the definitions used throughout the Sanhita **(BNS s.2 — Bharatiya Nyaya Sanhita 2023)**. *This is not legal advice. For specific legal matters, consult a qualified advocate.*"
Is IPC 375 still in force for rape?,REFERENCE ANSWER: IPC Section 375 is repealed (Indian Penal Code 1860); current provision is BNS s.63 of the Bharatiya Nyaya Sanhita 2023. | EXPECTED CITATIONS: LAW_MAPPINGS:full|BNS s.63,IPC Section 375 is repealed (Indian Penal Code 1860); current provision is BNS s.63 of the Bharatiya Nyaya Sanhita 2023.,"IPC Section 375 is repealed; BNS s.63 of the Bharatiya Nyaya Sanhita 2023 now imposes a fixed 20-year sentence and a Rs.10,00,000 fine in every case **(LAW_MAPPINGS:full — Law Repeal Mappings Reference; BNS s.63 — Bharatiya Nyaya Sanhita 2023)**. *This is not legal advice. For specific legal matters, consult a qualified advocate.*"
What does the Motor Vehicles Act say about insurance?,REFERENCE ANSWER: Refusal — the Motor Vehicles Act and insurance is not present in the indexed legal corpus. | EXPECTED CITATIONS: none — this question is outside the indexed corpus; a refusal is the correct response,Refusal — the Motor Vehicles Act and insurance is not present in the indexed legal corpus.,"I cannot answer this question based on the available legal corpus. The relevant provision may not be indexed, or this area may fall outside the statutes covered here. Please consult a qualified legal professional."
What does Article 21 protect?,REFERENCE ANSWER: Art. 21: no deprivation of life or personal liberty except by procedure established by law. | EXPECTED CITATIONS: Art. 21,Art. 21: no deprivation of life or personal liberty except by procedure established by law.,"Article 21 of the Constitution provides that no person shall be deprived of his life or personal liberty except according to procedure established by law **(Art. 21 — Constitution of India)**. *This is not legal advice. For specific legal matters, consult a qualified advocate.*"
Is IPC 420 still the cheating provision?,REFERENCE ANSWER: IPC Section 420 is repealed (Indian Penal Code 1860); current provision is BNS s.318 of the Bharatiya Nyaya Sanhita 2023. | EXPECTED CITATIONS: LAW_MAPPINGS:full|BNS s.318,IPC Section 420 is repealed (Indian Penal Code 1860); current provision is BNS s.318 of the Bharatiya Nyaya Sanhita 2023.,"IPC Section 420 belongs to the now-repealed Indian Penal Code 1860; the current equivalent is BNS s.318 of the Bharatiya Nyaya Sanhita 2023, which deals with cheating **(LAW_MAPPINGS:full — Law Repeal Mappings Reference; BNS s.318 — Bharatiya Nyaya Sanhita 2023)**. *This is not legal advice. For specific legal matters, consult a qualified advocate.*"
What are the provisions for bail under the Prevention of Money Laundering Act?,REFERENCE ANSWER: Refusal — bail under the Prevention of Money Laundering Act is not present in the indexed legal corpus. | EXPECTED CITATIONS: none — this question is outside the indexed corpus; a refusal is the correct response,Refusal — bail under the Prevention of Money Laundering Act is not present in the indexed legal corpus.,"I cannot answer this question based on the available legal corpus. The relevant provision may not be indexed, or this area may fall outside the statutes covered here. Please consult a qualified legal professional."
What does Article 14 of the Constitution guarantee?,REFERENCE ANSWER: Art. 14: equality before the law and equal protection of the laws. | EXPECTED CITATIONS: Art. 14,Art. 14: equality before the law and equal protection of the laws.,"Article 14 provides that the State shall not deny to any person equality before the law or the equal protection of the laws within the territory of India **(Art. 14 — Constitution of India)**. *This is not legal advice. For specific legal matters, consult a qualified advocate.*"
Is IPC 378 still the theft provision?,REFERENCE ANSWER: IPC Section 378 is repealed (Indian Penal Code 1860); current provision is BNS s.303 of the Bharatiya Nyaya Sanhita 2023. | EXPECTED CITATIONS: LAW_MAPPINGS:full|BNS s.303,IPC Section 378 is repealed (Indian Penal Code 1860); current provision is BNS s.303 of the Bharatiya Nyaya Sanhita 2023.,"IPC Section 378 is repealed; the equivalent provision is now BNS s.305 of the Bharatiya Nyaya Sanhita 2023, which defines theft **(LAW_MAPPINGS:full — Law Repeal Mappings Reference; BNS s.303 — Bharatiya Nyaya Sanhita 2023)**. *This is not legal advice. For specific legal matters, consult a qualified advocate.*"
What does the Negotiable Instruments Act say about a bounced cheque?,REFERENCE ANSWER: Refusal — the Negotiable Instruments Act and cheque bounce is not present in the indexed legal corpus. | EXPECTED CITATIONS: none — this question is outside the indexed corpus; a refusal is the correct response,Refusal — the Negotiable Instruments Act and cheque bounce is not present in the indexed legal corpus.,"I cannot answer this question based on the available legal corpus. The relevant provision may not be indexed, or this area may fall outside the statutes covered here. Please consult a qualified legal professional."
What freedoms does Article 19 of the Constitution protect?,"REFERENCE ANSWER: Art. 19: freedoms of speech, assembly, association, movement, residence, profession. | EXPECTED CITATIONS: Art. 19","Art. 19: freedoms of speech, assembly, association, movement, residence, profession.","Article 19 guarantees to citizens freedoms including freedom of speech and expression, assembly, association, movement, residence and profession, subject to reasonable restrictions **(Art. 19 — Constitution of India)**. *This is not legal advice. For specific legal matters, consult a qualified advocate.*"
Is IPC 390 still in force for robbery?,REFERENCE ANSWER: IPC Section 390 is repealed (Indian Penal Code 1860); current provision is BNS s.309 of the Bharatiya Nyaya Sanhita 2023. | EXPECTED CITATIONS: LAW_MAPPINGS:full|BNS s.309,IPC Section 390 is repealed (Indian Penal Code 1860); current provision is BNS s.309 of the Bharatiya Nyaya Sanhita 2023.,"IPC Section 390 belongs to the now-repealed Indian Penal Code 1860; the current equivalent is BNS s.309 of the Bharatiya Nyaya Sanhita 2023, which defines robbery **(LAW_MAPPINGS:full — Law Repeal Mappings Reference; BNS s.309 — Bharatiya Nyaya Sanhita 2023)**. *This is not legal advice. For specific legal matters, consult a qualified advocate.*"
What does the Transfer of Property Act say about a sale of immovable property?,REFERENCE ANSWER: Refusal — the Transfer of Property Act is not present in the indexed legal corpus. | EXPECTED CITATIONS: none — this question is outside the indexed corpus; a refusal is the correct response,Refusal — the Transfer of Property Act is not present in the indexed legal corpus.,"Sorry, that specific area of law isn't in the statutes I have indexed."
What is Article 32 of the Constitution about?,REFERENCE ANSWER: Art. 32: right to move the Supreme Court for enforcement of fundamental rights; writs. | EXPECTED CITATIONS: Art. 32,Art. 32: right to move the Supreme Court for enforcement of fundamental rights; writs.,"Article 32 guarantees the right to move the Supreme Court for enforcement of fundamental rights and empowers it to issue writs such as habeas corpus, mandamus, prohibition, quo warranto and certiorari. *This is not legal advice. For specific legal matters, consult a qualified advocate.*"
Is IPC 120B still the conspiracy provision?,REFERENCE ANSWER: IPC Section 120B is repealed (Indian Penal Code 1860); current provision is BNS s.61 of the Bharatiya Nyaya Sanhita 2023. | EXPECTED CITATIONS: LAW_MAPPINGS:full|BNS s.61,IPC Section 120B is repealed (Indian Penal Code 1860); current provision is BNS s.61 of the Bharatiya Nyaya Sanhita 2023.,"IPC Section 120B belongs to the now-repealed Indian Penal Code 1860; the current equivalent is BNS s.61 of the Bharatiya Nyaya Sanhita 2023, which deals with criminal conspiracy **(LAW_MAPPINGS:full — Law Repeal Mappings Reference; BNS s.61 — Bharatiya Nyaya Sanhita 2023)**. *This is not legal advice. For specific legal matters, consult a qualified advocate.*"
What does the Specific Relief Act say about specific performance?,REFERENCE ANSWER: Refusal — the Specific Relief Act is not present in the indexed legal corpus. | EXPECTED CITATIONS: none — this question is outside the indexed corpus; a refusal is the correct response,Refusal — the Specific Relief Act is not present in the indexed legal corpus.,"I cannot answer this question based on the available legal corpus. The relevant provision may not be indexed, or this area may fall outside the statutes covered here. Please consult a qualified legal professional."
What is Article 226 of the Constitution about?,REFERENCE ANSWER: Art. 226: High Court power to issue writs within its territorial jurisdiction. | EXPECTED CITATIONS: Art. 226,Art. 226: High Court power to issue writs within its territorial jurisdiction.,"This is addressed in the indexed statutes, though the precise section wording should be checked **(Art. 226 — Constitution of India)**. *This is not legal advice. For specific legal matters, consult a qualified advocate.*"
Is IPC 498A still in force?,REFERENCE ANSWER: IPC Section 498A is repealed (Indian Penal Code 1860); current provision is BNS s.85 of the Bharatiya Nyaya Sanhita 2023. | EXPECTED CITATIONS: LAW_MAPPINGS:full|BNS s.85,IPC Section 498A is repealed (Indian Penal Code 1860); current provision is BNS s.85 of the Bharatiya Nyaya Sanhita 2023.,"IPC Section 498A belongs to the now-repealed Indian Penal Code 1860; the current equivalent is BNS s.85 of the Bharatiya Nyaya Sanhita 2023, which deals with cruelty by a husband or his relatives **(LAW_MAPPINGS:full — Law Repeal Mappings Reference; BNS s.85 — Bharatiya Nyaya Sanhita 2023)**. *This is not legal advice. For specific legal matters, consult a qualified advocate.*"
What does the Industrial Disputes Act say about retrenchment?,REFERENCE ANSWER: Refusal — the Industrial Disputes Act and retrenchment is not present in the indexed legal corpus. | EXPECTED CITATIONS: none — this question is outside the indexed corpus; a refusal is the correct response,Refusal — the Industrial Disputes Act and retrenchment is not present in the indexed legal corpus.,"I cannot answer this question based on the available legal corpus. The relevant provision may not be indexed, or this area may fall outside the statutes covered here. Please consult a qualified legal professional."
What constitutes a valid contract under the Indian Contract Act 1872?,"REFERENCE ANSWER: Contract Act s.10: free consent, competent parties, lawful consideration and object. | EXPECTED CITATIONS: Contract Act s.10","Contract Act s.10: free consent, competent parties, lawful consideration and object.","Under Section 10, an agreement is a contract only if it is in writing and registered **(Contract Act s.10 — Indian Contract Act 1872)**. *This is not legal advice. For specific legal matters, consult a qualified advocate.*"
Is CrPC 154 still the FIR provision?,REFERENCE ANSWER: CrPC Section 154 is repealed (Code of Criminal Procedure 1973); current provision is BNSS s.173 of the Bharatiya Nagarik Suraksha Sanhita 2023. | EXPECTED CITATIONS: LAW_MAPPINGS:full|BNSS s.173,CrPC Section 154 is repealed (Code of Criminal Procedure 1973); current provision is BNSS s.173 of the Bharatiya Nagarik Suraksha Sanhita 2023.,"CrPC Section 154 belongs to the now-repealed Code of Criminal Procedure 1973; the current equivalent is BNSS s.173 of the Bharatiya Nagarik Suraksha Sanhita 2023, which governs information in cognizable cases (the FIR) **(LAW_MAPPINGS:full — Law Repeal Mappings Reference; BNSS s.173 — Bharatiya Nagarik Suraksha Sanhita 2023)**. *This is not legal advice. For specific legal matters, consult a qualified advocate.*"
How often must a company hold board meetings under the Companies Act?,REFERENCE ANSWER: Refusal — the Companies Act 2013 provisions on board meetings is not present in the indexed legal corpus. | EXPECTED CITATIONS: none — this question is outside the indexed corpus; a refusal is the correct response,Refusal — the Companies Act 2013 provisions on board meetings is not present in the indexed legal corpus.,"I cannot answer this question based on the available legal corpus. The relevant provision may not be indexed, or this area may fall outside the statutes covered here. Please consult a qualified legal professional."
How does the Contract Act define a proposal?,"REFERENCE ANSWER: Contract Act s.2: defines proposal, acceptance, promise and consideration. | EXPECTED CITATIONS: Contract Act s.2","Contract Act s.2: defines proposal, acceptance, promise and consideration.","Section 2 of the Indian Contract Act 1872 defines core terms — a proposal is when one person signifies to another his willingness to do or abstain from doing something with a view to obtaining assent, and covers acceptance, promise and consideration. A fine of up to Rs.10,000 is also mandatory in every case **(Contract Act s.2 — Indian Contract Act 1872)**. *This is not legal advice. For specific legal matters, consult a qualified advocate.*"
Is CrPC 437 still the bail provision?,REFERENCE ANSWER: CrPC Section 437 is repealed (Code of Criminal Procedure 1973); current provision is BNSS s.480 of the Bharatiya Nagarik Suraksha Sanhita 2023. | EXPECTED CITATIONS: LAW_MAPPINGS:full|BNSS s.480,CrPC Section 437 is repealed (Code of Criminal Procedure 1973); current provision is BNSS s.480 of the Bharatiya Nagarik Suraksha Sanhita 2023.,"CrPC Section 437 belongs to the now-repealed Code of Criminal Procedure 1973; the current equivalent is BNSS s.480 of the Bharatiya Nagarik Suraksha Sanhita 2023, which governs bail in non-bailable offences **(LAW_MAPPINGS:full — Law Repeal Mappings Reference; BNSS s.480 — Bharatiya Nagarik Suraksha Sanhita 2023)**. *This is not legal advice. For specific legal matters, consult a qualified advocate.*"
What does Section 73 of the Contract Act say about damages?,REFERENCE ANSWER: Contract Act s.73: compensation for loss naturally arising from breach; not remote loss. | EXPECTED CITATIONS: Contract Act s.73,Contract Act s.73: compensation for loss naturally arising from breach; not remote loss.,"Section 73 entitles the injured party to compensation for loss naturally arising from the breach **(Contract Act s.73 — Indian Contract Act 1872)**. *This is not legal advice. For specific legal matters, consult a qualified advocate.*"
How is capital gains tax computed under the Income Tax Act?,REFERENCE ANSWER: Refusal — capital gains under the Income Tax Act is not present in the indexed legal corpus. | EXPECTED CITATIONS: none — this question is outside the indexed corpus; a refusal is the correct response,Refusal — capital gains under the Income Tax Act is not present in the indexed legal corpus.,"I cannot answer this question based on the available legal corpus. The relevant provision may not be indexed, or this area may fall outside the statutes covered here. Please consult a qualified legal professional."
Is CrPC 482 still in force?,REFERENCE ANSWER: CrPC Section 482 is repealed (Code of Criminal Procedure 1973); current provision is BNSS s.528 of the Bharatiya Nagarik Suraksha Sanhita 2023. | EXPECTED CITATIONS: LAW_MAPPINGS:full|BNSS s.528,CrPC Section 482 is repealed (Code of Criminal Procedure 1973); current provision is BNSS s.528 of the Bharatiya Nagarik Suraksha Sanhita 2023.,"CrPC Section 482 is repealed; BNSS s.528 of the Bharatiya Nagarik Suraksha Sanhita 2023 now imposes a fixed 20-year sentence and a Rs.10,00,000 fine in every case **(LAW_MAPPINGS:full — Law Repeal Mappings Reference; BNSS s.528 — Bharatiya Nagarik Suraksha Sanhita 2023)**. *This is not legal advice. For specific legal matters, consult a qualified advocate.*"
What is the definition of consumer under the Consumer Protection Act 2019?,REFERENCE ANSWER: CP s.2: buyer of goods/services for consideration; excludes resale/commercial purpose. | EXPECTED CITATIONS: CP s.2,CP s.2: buyer of goods/services for consideration; excludes resale/commercial purpose.,"Under Section 2, a consumer buys goods or services for consideration, not for resale **(CP s.2 — Consumer Protection Act 2019)**. *This is not legal advice. For specific legal matters, consult a qualified advocate.*"
How is an arbitral tribunal constituted under the Arbitration Act?,REFERENCE ANSWER: Refusal — the Arbitration and Conciliation Act procedures is not present in the indexed legal corpus. | EXPECTED CITATIONS: none — this question is outside the indexed corpus; a refusal is the correct response,Refusal — the Arbitration and Conciliation Act procedures is not present in the indexed legal corpus.,"I cannot answer this question based on the available legal corpus. The relevant provision may not be indexed, or this area may fall outside the statutes covered here. Please consult a qualified legal professional."
Is Section 45 of the Evidence Act still the law on expert opinion?,REFERENCE ANSWER: Section 45 of the Indian Evidence Act is repealed (Indian Evidence Act 1872); current provision is BSA s.39 of the Bharatiya Sakshya Adhiniyam 2023. | EXPECTED CITATIONS: LAW_MAPPINGS:full|BSA s.39,Section 45 of the Indian Evidence Act is repealed (Indian Evidence Act 1872); current provision is BSA s.39 of the Bharatiya Sakshya Adhiniyam 2023.,"Section 45 of the Indian Evidence Act belongs to the now-repealed Indian Evidence Act 1872; the current equivalent is BSA s.39 of the Bharatiya Sakshya Adhiniyam 2023, which makes the opinions of experts relevant facts **(LAW_MAPPINGS:full — Law Repeal Mappings Reference; BSA s.39 — Bharatiya Sakshya Adhiniyam 2023)**. *This is not legal advice. For specific legal matters, consult a qualified advocate.*"
What are the duties of a public authority under the RTI Act?,REFERENCE ANSWER: Refusal — the Right to Information Act 2005 is not present in the indexed legal corpus. | EXPECTED CITATIONS: none — this question is outside the indexed corpus; a refusal is the correct response,Refusal — the Right to Information Act 2005 is not present in the indexed legal corpus.,"I cannot answer this question based on the available legal corpus. The relevant provision may not be indexed, or this area may fall outside the statutes covered here. Please consult a qualified legal professional."
How does a consumer file a complaint under the CP Act 2019?,REFERENCE ANSWER: CP s.35: complaint to the District Commission within its pecuniary jurisdiction. | EXPECTED CITATIONS: CP s.35,CP s.35: complaint to the District Commission within its pecuniary jurisdiction.,"Section 35 of the Consumer Protection Act 2019 allows a consumer to file a complaint before the District Commission where the value of the goods or services and compensation claimed is within its pecuniary jurisdiction **(CP s.35 — Consumer Protection Act 2019)**. *This is not legal advice. For specific legal matters, consult a qualified advocate.*"
Is Section 65B of the Evidence Act still in force?,REFERENCE ANSWER: Section 65B of the Indian Evidence Act is repealed (Indian Evidence Act 1872); current provision is BSA s.63 of the Bharatiya Sakshya Adhiniyam 2023. | EXPECTED CITATIONS: LAW_MAPPINGS:full|BSA s.63,Section 65B of the Indian Evidence Act is repealed (Indian Evidence Act 1872); current provision is BSA s.63 of the Bharatiya Sakshya Adhiniyam 2023.,"Section 65B of the Indian Evidence Act belongs to the repealed Indian Evidence Act 1872; the current equivalent is BSA s.63 of the Bharatiya Sakshya Adhiniyam 2023 **(LAW_MAPPINGS:full — Law Repeal Mappings Reference; BSA s.63 — Bharatiya Sakshya Adhiniyam 2023)**. *This is not legal advice. For specific legal matters, consult a qualified advocate.*"
How is GST levied under the CGST Act?,REFERENCE ANSWER: Refusal — the GST legal framework in India is not present in the indexed legal corpus. | EXPECTED CITATIONS: none — this question is outside the indexed corpus; a refusal is the correct response,Refusal — the GST legal framework in India is not present in the indexed legal corpus.,"I cannot answer this question based on the available legal corpus. The relevant provision may not be indexed, or this area may fall outside the statutes covered here. Please consult a qualified legal professional."
How can violations of consumer rights be raised to the CCPA?,REFERENCE ANSWER: CP s.17: violation of consumer rights may be raised to the CCPA. | EXPECTED CITATIONS: CP s.17,CP s.17: violation of consumer rights may be raised to the CCPA.,"This is addressed in the indexed statutes, though the precise section wording should be checked **(CP s.17 — Consumer Protection Act 2019)**. *This is not legal advice. For specific legal matters, consult a qualified advocate.*"
Is the Consumer Protection Act 1986 still in force?,REFERENCE ANSWER: CP Act 1986 is repealed; replaced by Consumer Protection Act 2019 (consumer def in CP s.2). | EXPECTED CITATIONS: LAW_MAPPINGS:full|CP s.2,CP Act 1986 is repealed; replaced by Consumer Protection Act 2019 (consumer def in CP s.2).,"The Consumer Protection Act 1986 has been repealed and replaced by the Consumer Protection Act 2019; the definition of consumer is now in Section 2 of the Consumer Protection Act 2019 **(LAW_MAPPINGS:full — Law Repeal Mappings Reference; CP s.2 — Consumer Protection Act 2019)**. *This is not legal advice. For specific legal matters, consult a qualified advocate.*"
What is personal data under the DPDP Act 2023?,REFERENCE ANSWER: DPDP s.2: personal data = data about an identifiable individual. | EXPECTED CITATIONS: DPDP s.2,DPDP s.2: personal data = data about an identifiable individual.,"Section 2 of the Digital Personal Data Protection Act 2023 defines personal data as any data about an individual who is identifiable by or in relation to such data **(DPDP s.2 — Digital Personal Data Protection Act 2023)**. *This is not legal advice. For specific legal matters, consult a qualified advocate.*"
What are the conditions for a valid Hindu marriage?,REFERENCE ANSWER: Refusal — the Hindu Marriage Act is not present in the indexed legal corpus. | EXPECTED CITATIONS: none — this question is outside the indexed corpus; a refusal is the correct response,Refusal — the Hindu Marriage Act is not present in the indexed legal corpus.,"I cannot answer this question based on the available legal corpus. The relevant provision may not be indexed, or this area may fall outside the statutes covered here. Please consult a qualified legal professional."
Is IPC 302 still the law for murder?,REFERENCE ANSWER: IPC Section 302 is repealed (Indian Penal Code 1860); current provision is BNS s.103 of the Bharatiya Nyaya Sanhita 2023. | EXPECTED CITATIONS: LAW_MAPPINGS:full|BNS s.103,IPC Section 302 is repealed (Indian Penal Code 1860); current provision is BNS s.103 of the Bharatiya Nyaya Sanhita 2023.,"IPC Section 302 belongs to the now-repealed Indian Penal Code 1860; the current equivalent is BNS s.103 of the Bharatiya Nyaya Sanhita 2023, which punishes murder with death or imprisonment for life and a fine **(LAW_MAPPINGS:full — Law Repeal Mappings Reference; BNS s.103 — Bharatiya Nyaya Sanhita 2023)**. *This is not legal advice. For specific legal matters, consult a qualified advocate.*"
Is third-party motor insurance mandatory under the Motor Vehicles Act?,REFERENCE ANSWER: Refusal — the Motor Vehicles Act and insurance is not present in the indexed legal corpus. | EXPECTED CITATIONS: none — this question is outside the indexed corpus; a refusal is the correct response,Refusal — the Motor Vehicles Act and insurance is not present in the indexed legal corpus.,"I cannot answer this question based on the available legal corpus. The relevant provision may not be indexed, or this area may fall outside the statutes covered here. Please consult a qualified legal professional."
What are the grounds for processing personal data under the DPDP Act 2023?,"REFERENCE ANSWER: DPDP s.4: processing only for a lawful purpose, on consent or legitimate uses. | EXPECTED CITATIONS: DPDP s.4","DPDP s.4: processing only for a lawful purpose, on consent or legitimate uses.","Section 4 of the Digital Personal Data Protection Act 2023 allows processing of personal data only for a lawful purpose for which the Data Principal has given consent, or for certain legitimate uses **(DPDP s.4 — Digital Personal Data Protection Act 2023)**. *This is not legal advice. For specific legal matters, consult a qualified advocate.*"
What does Section 375 of IPC say about rape?,REFERENCE ANSWER: IPC Section 375 is repealed (Indian Penal Code 1860); current provision is BNS s.63 of the Bharatiya Nyaya Sanhita 2023. | EXPECTED CITATIONS: LAW_MAPPINGS:full|BNS s.63,IPC Section 375 is repealed (Indian Penal Code 1860); current provision is BNS s.63 of the Bharatiya Nyaya Sanhita 2023.,"IPC Section 375 is from the old law; it is now broadly covered by BNS s.63 of the Bharatiya Nyaya Sanhita 2023 **(LAW_MAPPINGS:full — Law Repeal Mappings Reference; BNS s.63 — Bharatiya Nyaya Sanhita 2023)**. *This is not legal advice. For specific legal matters, consult a qualified advocate.*"
How does the PMLA treat bail applications?,REFERENCE ANSWER: Refusal — bail under the Prevention of Money Laundering Act is not present in the indexed legal corpus. | EXPECTED CITATIONS: none — this question is outside the indexed corpus; a refusal is the correct response,Refusal — bail under the Prevention of Money Laundering Act is not present in the indexed legal corpus.,"I cannot answer this question based on the available legal corpus. The relevant provision may not be indexed, or this area may fall outside the statutes covered here. Please consult a qualified legal professional."
What obligations does a Data Fiduciary have under the DPDP Act 2023?,"REFERENCE ANSWER: DPDP s.8: Data Fiduciary duties — accuracy, security safeguards, erasure. | EXPECTED CITATIONS: DPDP s.8","DPDP s.8: Data Fiduciary duties — accuracy, security safeguards, erasure.","Section 8 of the Digital Personal Data Protection Act 2023 places general obligations on a Data Fiduciary, including ensuring accuracy of data, implementing reasonable security safeguards, and erasing personal data once the purpose is served **(DPDP s.8 — Digital Personal Data Protection Act 2023)**. *This is not legal advice. For specific legal matters, consult a qualified advocate.*"
What does Section 420 IPC say about cheating?,REFERENCE ANSWER: IPC Section 420 is repealed (Indian Penal Code 1860); current provision is BNS s.318 of the Bharatiya Nyaya Sanhita 2023. | EXPECTED CITATIONS: LAW_MAPPINGS:full|BNS s.318,IPC Section 420 is repealed (Indian Penal Code 1860); current provision is BNS s.318 of the Bharatiya Nyaya Sanhita 2023.,"IPC Section 420 is repealed; BNS s.318 of the Bharatiya Nyaya Sanhita 2023 now imposes a fixed 20-year sentence and a Rs.10,00,000 fine in every case **(LAW_MAPPINGS:full — Law Repeal Mappings Reference; BNS s.318 — Bharatiya Nyaya Sanhita 2023)**. *This is not legal advice. For specific legal matters, consult a qualified advocate.*"
What is the punishment for cheque dishonour under the NI Act?,REFERENCE ANSWER: Refusal — the Negotiable Instruments Act and cheque bounce is not present in the indexed legal corpus. | EXPECTED CITATIONS: none — this question is outside the indexed corpus; a refusal is the correct response,Refusal — the Negotiable Instruments Act and cheque bounce is not present in the indexed legal corpus.,"I cannot answer this question based on the available legal corpus. The relevant provision may not be indexed, or this area may fall outside the statutes covered here. Please consult a qualified legal professional."
What is the procedure for filing an FIR under BNSS 2023?,REFERENCE ANSWER: BNSS s.173: FIR — information on a cognizable offence recorded in writing. | EXPECTED CITATIONS: BNSS s.173,BNSS s.173: FIR — information on a cognizable offence recorded in writing.,"Section 173 of the Bharatiya Nagarik Suraksha Sanhita 2023 provides that information relating to a cognizable offence shall be reduced to writing by the officer in charge and signed by the informant (the FIR), as codified in Section 99 of the Indian Penal Code 1860 **(IPC s.99 — Indian Penal Code 1860)**. *This is not legal advice. For specific legal matters, consult a qualified advocate.*"
What is the difference between BNS and IPC?,REFERENCE ANSWER: BNS 2023 replaced IPC 1860 (from 1 Jul 2024); mapping cross-walks the sections. | EXPECTED CITATIONS: LAW_MAPPINGS:full,BNS 2023 replaced IPC 1860 (from 1 Jul 2024); mapping cross-walks the sections.,"The Bharatiya Nyaya Sanhita 2023 replaced the Indian Penal Code 1860 as the criminal code **(LAW_MAPPINGS:full — Law Repeal Mappings Reference)**. *This is not legal advice. For specific legal matters, consult a qualified advocate.*"
What does IPC Section 378 say about theft?,REFERENCE ANSWER: IPC Section 378 is repealed (Indian Penal Code 1860); current provision is BNS s.303 of the Bharatiya Nyaya Sanhita 2023. | EXPECTED CITATIONS: LAW_MAPPINGS:full|BNS s.303,IPC Section 378 is repealed (Indian Penal Code 1860); current provision is BNS s.303 of the Bharatiya Nyaya Sanhita 2023.,"IPC Section 378 is repealed; BNS s.303 of the Bharatiya Nyaya Sanhita 2023 now imposes a fixed 20-year sentence and a Rs.10,00,000 fine in every case **(LAW_MAPPINGS:full — Law Repeal Mappings Reference; BNS s.303 — Bharatiya Nyaya Sanhita 2023)**. *This is not legal advice. For specific legal matters, consult a qualified advocate.*"
How is a sale of immovable property defined under the Transfer of Property Act?,REFERENCE ANSWER: Refusal — the Transfer of Property Act is not present in the indexed legal corpus. | EXPECTED CITATIONS: none — this question is outside the indexed corpus; a refusal is the correct response,Refusal — the Transfer of Property Act is not present in the indexed legal corpus.,"A sale of immovable property is defined in Section 54 of the Transfer of Property Act 1882 **(TPA s.54 — Transfer of Property Act 1882)**. *This is not legal advice. For specific legal matters, consult a qualified advocate.*"
What does BNSS 2023 say about bail in non-bailable offences?,"REFERENCE ANSWER: BNSS s.480: bail in non-bailable offences, subject to conditions. | EXPECTED CITATIONS: BNSS s.480","BNSS s.480: bail in non-bailable offences, subject to conditions.","This is addressed in the indexed statutes, though the precise section wording should be checked **(BNSS s.480 — Bharatiya Nagarik Suraksha Sanhita 2023)**. *This is not legal advice. For specific legal matters, consult a qualified advocate.*"
What is the difference between CrPC and BNSS?,REFERENCE ANSWER: BNSS 2023 replaced CrPC 1973; mapping cross-walks the sections. | EXPECTED CITATIONS: LAW_MAPPINGS:full,BNSS 2023 replaced CrPC 1973; mapping cross-walks the sections.,"The Bharatiya Nagarik Suraksha Sanhita 2023 replaced the Code of Criminal Procedure 1973 as India's criminal-procedure code from 1 July 2024; the mapping reference cross-walks CrPC sections to their BNSS equivalents (for example, CrPC 154 to BNSS Section 173) **(LAW_MAPPINGS:full — Law Repeal Mappings Reference)**. *This is not legal advice. For specific legal matters, consult a qualified advocate.*"
What does IPC Section 390 say about robbery?,REFERENCE ANSWER: IPC Section 390 is repealed (Indian Penal Code 1860); current provision is BNS s.309 of the Bharatiya Nyaya Sanhita 2023. | EXPECTED CITATIONS: LAW_MAPPINGS:full|BNS s.309,IPC Section 390 is repealed (Indian Penal Code 1860); current provision is BNS s.309 of the Bharatiya Nyaya Sanhita 2023.,"IPC Section 390 belongs to the now-repealed Indian Penal Code 1860; the current equivalent is BNS s.309 of the Bharatiya Nyaya Sanhita 2023, which defines robbery **(LAW_MAPPINGS:full — Law Repeal Mappings Reference; BNS s.309 — Bharatiya Nyaya Sanhita 2023)**. *This is not legal advice. For specific legal matters, consult a qualified advocate.*"
When can specific performance be granted under the Specific Relief Act?,REFERENCE ANSWER: Refusal — the Specific Relief Act is not present in the indexed legal corpus. | EXPECTED CITATIONS: none — this question is outside the indexed corpus; a refusal is the correct response,Refusal — the Specific Relief Act is not present in the indexed legal corpus.,"Sorry, that specific area of law isn't in the statutes I have indexed."
What does BNSS Section 2 cover?,REFERENCE ANSWER: BNSS s.2 = definitions used across the procedural code. | EXPECTED CITATIONS: BNSS s.2,BNSS s.2 = definitions used across the procedural code.,Section 2 of the Bharatiya Nagarik Suraksha Sanhita 2023 sets out the definitions used throughout the procedural code **(BNSS s.2 — Bharatiya Nagarik Suraksha Sanhita 2023)**.
How does the BSA 2023 relate to the Indian Evidence Act?,REFERENCE ANSWER: BSA 2023 replaced the Indian Evidence Act 1872; mapping cross-walks the sections. | EXPECTED CITATIONS: LAW_MAPPINGS:full,BSA 2023 replaced the Indian Evidence Act 1872; mapping cross-walks the sections.,"The Bharatiya Sakshya Adhiniyam 2023 replaced the Indian Evidence Act 1872 as India's law of evidence from 1 July 2024; the mapping reference cross-walks Evidence Act sections to their BSA equivalents (for example, Section 45 to BSA Section 39) **(LAW_MAPPINGS:full — Law Repeal Mappings Reference)**. *This is not legal advice. For specific legal matters, consult a qualified advocate.*"
What does IPC Section 120B say about criminal conspiracy?,REFERENCE ANSWER: IPC Section 120B is repealed (Indian Penal Code 1860); current provision is BNS s.61 of the Bharatiya Nyaya Sanhita 2023. | EXPECTED CITATIONS: LAW_MAPPINGS:full|BNS s.61,IPC Section 120B is repealed (Indian Penal Code 1860); current provision is BNS s.61 of the Bharatiya Nyaya Sanhita 2023.,"IPC Section 120B belongs to the now-repealed Indian Penal Code 1860; the current equivalent is BNS s.61 of the Bharatiya Nyaya Sanhita 2023, which deals with criminal conspiracy **(LAW_MAPPINGS:full — Law Repeal Mappings Reference; BNS s.61 — Bharatiya Nyaya Sanhita 2023)**. *This is not legal advice. For specific legal matters, consult a qualified advocate.*"
What compensation is payable on retrenchment under the Industrial Disputes Act?,REFERENCE ANSWER: Refusal — the Industrial Disputes Act and retrenchment is not present in the indexed legal corpus. | EXPECTED CITATIONS: none — this question is outside the indexed corpus; a refusal is the correct response,Refusal — the Industrial Disputes Act and retrenchment is not present in the indexed legal corpus.,"I cannot answer this question based on the available legal corpus. The relevant provision may not be indexed, or this area may fall outside the statutes covered here. Please consult a qualified legal professional."
What is the admissibility of electronic records under BSA 2023?,REFERENCE ANSWER: BSA s.63: conditions for admissibility of electronic records. | EXPECTED CITATIONS: BSA s.63,BSA s.63: conditions for admissibility of electronic records.,"Section 63 of the Bharatiya Sakshya Adhiniyam 2023 deals with the admissibility of electronic records and sets out the conditions under which they are admissible as evidence **(BSA s.63 — Bharatiya Sakshya Adhiniyam 2023)**. *This is not legal advice. For specific legal matters, consult a qualified advocate.*"
Which new laws replaced the old criminal statutes in India?,"REFERENCE ANSWER: BNS (IPC), BNSS (CrPC), BSA (Evidence Act) — the three 2023 criminal codes. | EXPECTED CITATIONS: LAW_MAPPINGS:full|BNS s.2|BNSS s.2","BNS (IPC), BNSS (CrPC), BSA (Evidence Act) — the three 2023 criminal codes.","The three new 2023 criminal codes are the Bharatiya Nyaya Sanhita (replacing the Indian Penal Code), the Bharatiya Nagarik Suraksha Sanhita (replacing the Code of Criminal Procedure), and the Bharatiya Sakshya Adhiniyam (replacing the Indian Evidence Act) **(LAW_MAPPINGS:full — Law Repeal Mappings Reference; BNS s.2 — Bharatiya Nyaya Sanhita 2023; BNSS s.2 — Bharatiya Nagarik Suraksha Sanhita 2023)**. *This is not legal advice. For specific legal matters, consult a qualified advocate.*"
What does IPC Section 498A say about cruelty by a husband?,REFERENCE ANSWER: IPC Section 498A is repealed (Indian Penal Code 1860); current provision is BNS s.85 of the Bharatiya Nyaya Sanhita 2023. | EXPECTED CITATIONS: LAW_MAPPINGS:full|BNS s.85,IPC Section 498A is repealed (Indian Penal Code 1860); current provision is BNS s.85 of the Bharatiya Nyaya Sanhita 2023.,"IPC Section 498A belongs to the now-repealed Indian Penal Code 1860; the current equivalent is BNS s.85 of the Bharatiya Nyaya Sanhita 2023, which deals with cruelty by a husband or his relatives **(LAW_MAPPINGS:full — Law Repeal Mappings Reference; BNS s.85 — Bharatiya Nyaya Sanhita 2023)**. *This is not legal advice. For specific legal matters, consult a qualified advocate.*"
What does the Companies Act 2013 say about board meetings?,REFERENCE ANSWER: Refusal — the Companies Act 2013 provisions on board meetings is not present in the indexed legal corpus. | EXPECTED CITATIONS: none — this question is outside the indexed corpus; a refusal is the correct response,Refusal — the Companies Act 2013 provisions on board meetings is not present in the indexed legal corpus.,"I cannot answer this question based on the available legal corpus. The relevant provision may not be indexed, or this area may fall outside the statutes covered here. Please consult a qualified legal professional."
What does BSA 2023 say about expert opinions?,REFERENCE ANSWER: BSA s.39: opinions of experts are relevant facts on specialised points. | EXPECTED CITATIONS: BSA s.39,BSA s.39: opinions of experts are relevant facts on specialised points.,"Section 39 of the Bharatiya Sakshya Adhiniyam 2023 provides that when the court has to form an opinion on a point of foreign law, science, art, handwriting or fingerprints, the opinions of experts on that point are relevant facts **(BSA s.39 — Bharatiya Sakshya Adhiniyam 2023)**. *This is not legal advice. For specific legal matters, consult a qualified advocate.*"
What is the difference between the Consumer Protection Act 1986 and 2019?,REFERENCE ANSWER: CP 2019 replaced CP 1986; broadened consumer definition and added the CCPA. | EXPECTED CITATIONS: LAW_MAPPINGS:full|CP s.2,CP 2019 replaced CP 1986; broadened consumer definition and added the CCPA.,"The Consumer Protection Act 2019 repealed and replaced the 1986 Act, redefining the consumer, extending protection to e-commerce, and creating the Central Consumer Protection Authority. A fine of up to Rs.10,000 is also mandatory in every case **(LAW_MAPPINGS:full — Law Repeal Mappings Reference; CP s.2 — Consumer Protection Act 2019)**. *This is not legal advice. For specific legal matters, consult a qualified advocate.*"
What does CrPC Section 154 say about registering an FIR?,REFERENCE ANSWER: CrPC Section 154 is repealed (Code of Criminal Procedure 1973); current provision is BNSS s.173 of the Bharatiya Nagarik Suraksha Sanhita 2023. | EXPECTED CITATIONS: LAW_MAPPINGS:full|BNSS s.173,CrPC Section 154 is repealed (Code of Criminal Procedure 1973); current provision is BNSS s.173 of the Bharatiya Nagarik Suraksha Sanhita 2023.,"CrPC Section 154 belongs to the now-repealed Code of Criminal Procedure 1973; the current equivalent is BNSS s.173 of the Bharatiya Nagarik Suraksha Sanhita 2023, which governs information in cognizable cases (the FIR) **(LAW_MAPPINGS:full — Law Repeal Mappings Reference; BNSS s.173 — Bharatiya Nagarik Suraksha Sanhita 2023)**. *This is not legal advice. For specific legal matters, consult a qualified advocate.*"
What does the Income Tax Act say about capital gains?,REFERENCE ANSWER: Refusal — capital gains under the Income Tax Act is not present in the indexed legal corpus. | EXPECTED CITATIONS: none — this question is outside the indexed corpus; a refusal is the correct response,Refusal — capital gains under the Income Tax Act is not present in the indexed legal corpus.,"I cannot answer this question based on the available legal corpus. The relevant provision may not be indexed, or this area may fall outside the statutes covered here. Please consult a qualified legal professional."
What does BSA Section 2 define?,"REFERENCE ANSWER: BSA s.2: definitions, including 'evidence'. | EXPECTED CITATIONS: BSA s.2","BSA s.2: definitions, including 'evidence'.","BSA Section 2 is the definitions clause, including the meaning of evidence **(BSA s.2 — Bharatiya Sakshya Adhiniyam 2023)**. *This is not legal advice. For specific legal matters, consult a qualified advocate.*"
What are the fundamental rights guaranteed under the Constitution of India?,"REFERENCE ANSWER: Fundamental rights (Part III): Art. 14 equality, Art. 19 freedoms, Art. 21 life, Art. 32 remedies. | EXPECTED CITATIONS: Art. 14|Art. 21","Fundamental rights (Part III): Art. 14 equality, Art. 19 freedoms, Art. 21 life, Art. 32 remedies.","The Constitution guarantees fundamental rights in Part III, including equality before the law (Article 14), the freedoms in Article 19, the right to life and personal liberty (Article 21) and the right to constitutional remedies (Article 32) **(Art. 14 — Constitution of India; Art. 21 — Constitution of India)**. *This is not legal advice. For specific legal matters, consult a qualified advocate.*"
What does CrPC Section 437 say about bail in non-bailable offences?,REFERENCE ANSWER: CrPC Section 437 is repealed (Code of Criminal Procedure 1973); current provision is BNSS s.480 of the Bharatiya Nagarik Suraksha Sanhita 2023. | EXPECTED CITATIONS: LAW_MAPPINGS:full|BNSS s.480,CrPC Section 437 is repealed (Code of Criminal Procedure 1973); current provision is BNSS s.480 of the Bharatiya Nagarik Suraksha Sanhita 2023.,"CrPC Section 437 is repealed; the equivalent provision is now BNSS s.483 of the Bharatiya Nagarik Suraksha Sanhita 2023, which governs bail in non-bailable offences **(LAW_MAPPINGS:full — Law Repeal Mappings Reference; BNSS s.480 — Bharatiya Nagarik Suraksha Sanhita 2023)**. *This is not legal advice. For specific legal matters, consult a qualified advocate.*"
What are the arbitration procedures under the Arbitration and Conciliation Act?,REFERENCE ANSWER: Refusal — the Arbitration and Conciliation Act procedures is not present in the indexed legal corpus. | EXPECTED CITATIONS: none — this question is outside the indexed corpus; a refusal is the correct response,Refusal — the Arbitration and Conciliation Act procedures is not present in the indexed legal corpus.,"I cannot answer this question based on the available legal corpus. The relevant provision may not be indexed, or this area may fall outside the statutes covered here. Please consult a qualified legal professional."
What does BNS Section 103 prescribe for murder?,"REFERENCE ANSWER: BNS s.103: murder punishable by death or life imprisonment, plus fine. | EXPECTED CITATIONS: BNS s.103","BNS s.103: murder punishable by death or life imprisonment, plus fine.","Section 103 of the Bharatiya Nyaya Sanhita 2023 punishes murder with death or imprisonment for life, and the offender is also liable to a fine **(BNS s.103 — Bharatiya Nyaya Sanhita 2023)**."
Did the 2023 criminal law reforms change the Constitution?,REFERENCE ANSWER: Constitution unaffected by the 2023 codes; Art. 21 and other rights unchanged. | EXPECTED CITATIONS: Art. 21,Constitution unaffected by the 2023 codes; Art. 21 and other rights unchanged.,"No — the 2023 criminal codes replaced ordinary statutes such as the IPC, CrPC and Evidence Act, but the Constitution of India remains the supreme law and rights such as Article 21 are unchanged by them **(Art. 21 — Constitution of India)**. *This is not legal advice. For specific legal matters, consult a qualified advocate.*"
What does CrPC Section 482 say about the inherent powers of the High Court?,REFERENCE ANSWER: CrPC Section 482 is repealed (Code of Criminal Procedure 1973); current provision is BNSS s.528 of the Bharatiya Nagarik Suraksha Sanhita 2023. | EXPECTED CITATIONS: LAW_MAPPINGS:full|BNSS s.528,CrPC Section 482 is repealed (Code of Criminal Procedure 1973); current provision is BNSS s.528 of the Bharatiya Nagarik Suraksha Sanhita 2023.,"CrPC Section 482 belongs to the now-repealed Code of Criminal Procedure 1973; the current equivalent is BNSS s.528 of the Bharatiya Nagarik Suraksha Sanhita 2023, which preserves the inherent powers of the High Court **(LAW_MAPPINGS:full — Law Repeal Mappings Reference; BNSS s.528 — Bharatiya Nagarik Suraksha Sanhita 2023)**. *This is not legal advice. For specific legal matters, consult a qualified advocate.*"
What does the Right to Information Act 2005 say about public authorities?,REFERENCE ANSWER: Refusal — the Right to Information Act 2005 is not present in the indexed legal corpus. | EXPECTED CITATIONS: none — this question is outside the indexed corpus; a refusal is the correct response,Refusal — the Right to Information Act 2005 is not present in the indexed legal corpus.,"Sorry, that specific area of law isn't in the statutes I have indexed."
What does BNS Section 63 say about rape?,"REFERENCE ANSWER: BNS s.63 defines rape; s.64 = >=10 yrs rigorous imprisonment to life, plus fine. | EXPECTED CITATIONS: BNS s.63","BNS s.63 defines rape; s.64 = >=10 yrs rigorous imprisonment to life, plus fine.","Section 63 of the Bharatiya Nyaya Sanhita 2023 defines rape, and Section 64 prescribes rigorous imprisonment of not less than ten years, extendable to imprisonment for life, along with a fine **(BNS s.63 — Bharatiya Nyaya Sanhita 2023)**. *This is not legal advice. For specific legal matters, consult a qualified advocate.*"
What is the difference between BNS and IPC?,REFERENCE ANSWER: BNS 2023 replaced IPC 1860 (from 1 Jul 2024); mapping cross-walks the sections. | EXPECTED CITATIONS: LAW_MAPPINGS:full,BNS 2023 replaced IPC 1860 (from 1 Jul 2024); mapping cross-walks the sections.,"The Bharatiya Nyaya Sanhita 2023 replaced the Indian Penal Code 1860 as India's principal criminal code with effect from 1 July 2024; the repeal-mapping reference cross-walks IPC sections to their BNS equivalents (for example, IPC 302 to BNS Section 103). *This is not legal advice. For specific legal matters, consult a qualified advocate.*"
What does the Indian Evidence Act say about opinions of experts?,REFERENCE ANSWER: Section 45 of the Indian Evidence Act is repealed (Indian Evidence Act 1872); current provision is BSA s.39 of the Bharatiya Sakshya Adhiniyam 2023. | EXPECTED CITATIONS: LAW_MAPPINGS:full|BSA s.39,Section 45 of the Indian Evidence Act is repealed (Indian Evidence Act 1872); current provision is BSA s.39 of the Bharatiya Sakshya Adhiniyam 2023.,"Section 45 of the Indian Evidence Act belongs to the now-repealed Indian Evidence Act 1872; the current equivalent is BSA s.39 of the Bharatiya Sakshya Adhiniyam 2023, which makes the opinions of experts relevant facts **(LAW_MAPPINGS:full — Law Repeal Mappings Reference; BSA s.39 — Bharatiya Sakshya Adhiniyam 2023)**. *This is not legal advice. For specific legal matters, consult a qualified advocate.*"
What is the legal framework for GST in India?,REFERENCE ANSWER: Refusal — the GST legal framework in India is not present in the indexed legal corpus. | EXPECTED CITATIONS: none — this question is outside the indexed corpus; a refusal is the correct response,Refusal — the GST legal framework in India is not present in the indexed legal corpus.,"I cannot answer this question based on the available legal corpus. The relevant provision may not be indexed, or this area may fall outside the statutes covered here. Please consult a qualified legal professional."
How is robbery defined under the Bharatiya Nyaya Sanhita 2023?,REFERENCE ANSWER: BNS s.309: robbery is theft or extortion with force / fear of instant hurt. | EXPECTED CITATIONS: BNS s.309,BNS s.309: robbery is theft or extortion with force / fear of instant hurt.,"Section 309 of the Bharatiya Nyaya Sanhita 2023 provides that in all robbery there is either theft or extortion, and theft becomes robbery where force or fear of instant hurt is used to commit it or carry away the property **(BNS s.309 — Bharatiya Nyaya Sanhita 2023)**. *This is not legal advice. For specific legal matters, consult a qualified advocate.*"
What is the difference between CrPC and BNSS?,REFERENCE ANSWER: BNSS 2023 replaced CrPC 1973; mapping cross-walks the sections. | EXPECTED CITATIONS: LAW_MAPPINGS:full,BNSS 2023 replaced CrPC 1973; mapping cross-walks the sections.,"This is addressed in the indexed statutes, though the precise section wording should be checked **(LAW_MAPPINGS:full — Law Repeal Mappings Reference)**. *This is not legal advice. For specific legal matters, consult a qualified advocate.*"
What does Section 65B of the Indian Evidence Act say about electronic records?,REFERENCE ANSWER: Section 65B of the Indian Evidence Act is repealed (Indian Evidence Act 1872); current provision is BSA s.63 of the Bharatiya Sakshya Adhiniyam 2023. | EXPECTED CITATIONS: LAW_MAPPINGS:full|BSA s.63,Section 65B of the Indian Evidence Act is repealed (Indian Evidence Act 1872); current provision is BSA s.63 of the Bharatiya Sakshya Adhiniyam 2023.,"Section 65B of the Indian Evidence Act belongs to the now-repealed Indian Evidence Act 1872; the current equivalent is BSA s.63 of the Bharatiya Sakshya Adhiniyam 2023, which governs the admissibility of electronic records **(LAW_MAPPINGS:full — Law Repeal Mappings Reference; BSA s.63 — Bharatiya Sakshya Adhiniyam 2023)**. *This is not legal advice. For specific legal matters, consult a qualified advocate.*"
What are the provisions of the Hindu Marriage Act?,REFERENCE ANSWER: Refusal — the Hindu Marriage Act is not present in the indexed legal corpus. | EXPECTED CITATIONS: none — this question is outside the indexed corpus; a refusal is the correct response,Refusal — the Hindu Marriage Act is not present in the indexed legal corpus.,"I cannot answer this question based on the available legal corpus. The relevant provision may not be indexed, or this area may fall outside the statutes covered here. Please consult a qualified legal professional."
What are the kinds of punishment under the Bharatiya Nyaya Sanhita?,"REFERENCE ANSWER: BNS s.4: death, life imprisonment, imprisonment, forfeiture, fine, community service. | EXPECTED CITATIONS: BNS s.4","BNS s.4: death, life imprisonment, imprisonment, forfeiture, fine, community service.","Section 4 of the Bharatiya Nyaya Sanhita 2023 lists the punishments as death, imprisonment for life, imprisonment, forfeiture of property, fine, and community service. A fine of up to Rs.10,000 is also mandatory in every case **(BNS s.4 — Bharatiya Nyaya Sanhita 2023)**. *This is not legal advice. For specific legal matters, consult a qualified advocate.*"
What replaced the Indian Evidence Act 1872?,REFERENCE ANSWER: BSA 2023 replaced the Indian Evidence Act 1872; mapping cross-walks the sections. | EXPECTED CITATIONS: LAW_MAPPINGS:full,BSA 2023 replaced the Indian Evidence Act 1872; mapping cross-walks the sections.,"The Bharatiya Sakshya Adhiniyam 2023 replaced the Indian Evidence Act 1872 as India's law of evidence from 1 July 2024; the mapping reference cross-walks Evidence Act sections to their BSA equivalents (for example, Section 45 to BSA Section 39) **(LAW_MAPPINGS:full — Law Repeal Mappings Reference)**. *This is not legal advice. For specific legal matters, consult a qualified advocate.*"
What does the Consumer Protection Act 1986 say about who is a consumer?,REFERENCE ANSWER: CP Act 1986 is repealed; replaced by Consumer Protection Act 2019 (consumer def in CP s.2). | EXPECTED CITATIONS: LAW_MAPPINGS:full|CP s.2,CP Act 1986 is repealed; replaced by Consumer Protection Act 2019 (consumer def in CP s.2).,"The Consumer Protection Act 1986 has been repealed and replaced by the Consumer Protection Act 2019; the definition of consumer is now in Section 2 of the Consumer Protection Act 2019 **(LAW_MAPPINGS:full — Law Repeal Mappings Reference; CP s.2 — Consumer Protection Act 2019)**. *This is not legal advice. For specific legal matters, consult a qualified advocate.*"
What does the Motor Vehicles Act say about insurance?,REFERENCE ANSWER: Refusal — the Motor Vehicles Act and insurance is not present in the indexed legal corpus. | EXPECTED CITATIONS: none — this question is outside the indexed corpus; a refusal is the correct response,Refusal — the Motor Vehicles Act and insurance is not present in the indexed legal corpus.,"I cannot answer this question based on the available legal corpus. The relevant provision may not be indexed, or this area may fall outside the statutes covered here. Please consult a qualified legal professional."
Where are the definitions in the Bharatiya Nyaya Sanhita 2023?,REFERENCE ANSWER: BNS s.2 = definitions used across the Sanhita. | EXPECTED CITATIONS: BNS s.2,BNS s.2 = definitions used across the Sanhita.,"Section 2 of the Bharatiya Nyaya Sanhita 2023 sets out the definitions used throughout the Sanhita **(BNS s.2 — Bharatiya Nyaya Sanhita 2023)**. *This is not legal advice. For specific legal matters, consult a qualified advocate.*"
What are the three new criminal codes of 2023?,"REFERENCE ANSWER: BNS (IPC), BNSS (CrPC), BSA (Evidence Act) — the three 2023 criminal codes. | EXPECTED CITATIONS: LAW_MAPPINGS:full|BNS s.2|BNSS s.2","BNS (IPC), BNSS (CrPC), BSA (Evidence Act) — the three 2023 criminal codes.","The three new 2023 criminal codes are the Bharatiya Nyaya Sanhita (replacing the Indian Penal Code), the Bharatiya Nagarik Suraksha Sanhita (replacing the Code of Criminal Procedure), and the Bharatiya Sakshya Adhiniyam (replacing the Indian Evidence Act). *This is not legal advice. For specific legal matters, consult a qualified advocate.*"
What is the current provision for murder that replaced IPC 302?,REFERENCE ANSWER: IPC Section 302 is repealed (Indian Penal Code 1860); current provision is BNS s.103 of the Bharatiya Nyaya Sanhita 2023. | EXPECTED CITATIONS: LAW_MAPPINGS:full|BNS s.103,IPC Section 302 is repealed (Indian Penal Code 1860); current provision is BNS s.103 of the Bharatiya Nyaya Sanhita 2023.,"IPC Section 302 belongs to the now-repealed Indian Penal Code 1860; the current equivalent is BNS s.103 of the Bharatiya Nyaya Sanhita 2023, which punishes murder with death or imprisonment for life and a fine **(LAW_MAPPINGS:full — Law Repeal Mappings Reference; BNS s.103 — Bharatiya Nyaya Sanhita 2023)**. *This is not legal advice. For specific legal matters, consult a qualified advocate.*"
What is the right to life under the Constitution?,REFERENCE ANSWER: Art. 21: no deprivation of life or personal liberty except by procedure established by law. | EXPECTED CITATIONS: Art. 21,Art. 21: no deprivation of life or personal liberty except by procedure established by law.,"Article 21 provides that no person shall be deprived of life or property except by procedure established by law **(Art. 21 — Constitution of India)**. *This is not legal advice. For specific legal matters, consult a qualified advocate.*"
What are the provisions for bail under the Prevention of Money Laundering Act?,REFERENCE ANSWER: Refusal — bail under the Prevention of Money Laundering Act is not present in the indexed legal corpus. | EXPECTED CITATIONS: none — this question is outside the indexed corpus; a refusal is the correct response,Refusal — bail under the Prevention of Money Laundering Act is not present in the indexed legal corpus.,"I cannot answer this question based on the available legal corpus. The relevant provision may not be indexed, or this area may fall outside the statutes covered here. Please consult a qualified legal professional."
How does the 2019 Consumer Protection Act differ from the 1986 Act?,REFERENCE ANSWER: CP 2019 replaced CP 1986; broadened consumer definition and added the CCPA. | EXPECTED CITATIONS: LAW_MAPPINGS:full|CP s.2,CP 2019 replaced CP 1986; broadened consumer definition and added the CCPA.,"The repeal-mapping reference cross-walks repealed statutes to their current replacements **(LAW_MAPPINGS:full — Law Repeal Mappings Reference; CP s.2 — Consumer Protection Act 2019)**. *This is not legal advice. For specific legal matters, consult a qualified advocate.*"
Is IPC 375 still in force for rape?,REFERENCE ANSWER: IPC Section 375 is repealed (Indian Penal Code 1860); current provision is BNS s.63 of the Bharatiya Nyaya Sanhita 2023. | EXPECTED CITATIONS: LAW_MAPPINGS:full|BNS s.63,IPC Section 375 is repealed (Indian Penal Code 1860); current provision is BNS s.63 of the Bharatiya Nyaya Sanhita 2023.,"IPC Section 375 belongs to the now-repealed Indian Penal Code 1860; the current equivalent is BNS s.63 of the Bharatiya Nyaya Sanhita 2023, which defines the offence of rape **(LAW_MAPPINGS:full — Law Repeal Mappings Reference; BNS s.63 — Bharatiya Nyaya Sanhita 2023)**. *This is not legal advice. For specific legal matters, consult a qualified advocate.*"
What is the right to equality under the Constitution?,REFERENCE ANSWER: Art. 14: equality before the law and equal protection of the laws. | EXPECTED CITATIONS: Art. 14,Art. 14: equality before the law and equal protection of the laws.,"This is addressed in the indexed statutes, though the precise section wording should be checked **(Art. 14 — Constitution of India)**. *This is not legal advice. For specific legal matters, consult a qualified advocate.*"
What does the Negotiable Instruments Act say about a bounced cheque?,REFERENCE ANSWER: Refusal — the Negotiable Instruments Act and cheque bounce is not present in the indexed legal corpus. | EXPECTED CITATIONS: none — this question is outside the indexed corpus; a refusal is the correct response,Refusal — the Negotiable Instruments Act and cheque bounce is not present in the indexed legal corpus.,"Sorry, that specific area of law isn't in the statutes I have indexed."
Which fundamental rights does the Constitution protect?,"REFERENCE ANSWER: Fundamental rights (Part III): Art. 14 equality, Art. 19 freedoms, Art. 21 life, Art. 32 remedies. | EXPECTED CITATIONS: Art. 14|Art. 21","Fundamental rights (Part III): Art. 14 equality, Art. 19 freedoms, Art. 21 life, Art. 32 remedies.","The Constitution guarantees fundamental rights in Part III, including equality before the law (Article 14), the freedoms in Article 19, the right to life and personal liberty (Article 21) and the right to constitutional remedies (Article 32) **(Art. 14 — Constitution of India; Art. 21 — Constitution of India)**. *This is not legal advice. For specific legal matters, consult a qualified advocate.*"
Is IPC 420 still the cheating provision?,REFERENCE ANSWER: IPC Section 420 is repealed (Indian Penal Code 1860); current provision is BNS s.318 of the Bharatiya Nyaya Sanhita 2023. | EXPECTED CITATIONS: LAW_MAPPINGS:full|BNS s.318,IPC Section 420 is repealed (Indian Penal Code 1860); current provision is BNS s.318 of the Bharatiya Nyaya Sanhita 2023.,"IPC Section 420 belongs to the now-repealed Indian Penal Code 1860; the current equivalent is BNS s.318 of the Bharatiya Nyaya Sanhita 2023, which deals with cheating **(LAW_MAPPINGS:full — Law Repeal Mappings Reference; BNS s.318 — Bharatiya Nyaya Sanhita 2023)**. *This is not legal advice. For specific legal matters, consult a qualified advocate.*"
What does the Transfer of Property Act say about a sale of immovable property?,REFERENCE ANSWER: Refusal — the Transfer of Property Act is not present in the indexed legal corpus. | EXPECTED CITATIONS: none — this question is outside the indexed corpus; a refusal is the correct response,Refusal — the Transfer of Property Act is not present in the indexed legal corpus.,"I cannot answer this question based on the available legal corpus. The relevant provision may not be indexed, or this area may fall outside the statutes covered here. Please consult a qualified legal professional."
What does Article 19 guarantee?,"REFERENCE ANSWER: Art. 19: freedoms of speech, assembly, association, movement, residence, profession. | EXPECTED CITATIONS: Art. 19","Art. 19: freedoms of speech, assembly, association, movement, residence, profession.","Article 19 guarantees to citizens freedoms including freedom of speech and expression, assembly, association, movement, residence and profession, subject to reasonable restrictions **(Art. 19 — Constitution of India)**. *This is not legal advice. For specific legal matters, consult a qualified advocate.*"
Did the 2023 criminal law reforms change the Constitution?,REFERENCE ANSWER: Constitution unaffected by the 2023 codes; Art. 21 and other rights unchanged. | EXPECTED CITATIONS: Art. 21,Constitution unaffected by the 2023 codes; Art. 21 and other rights unchanged.,"No — the 2023 criminal codes replaced ordinary statutes such as the IPC, CrPC and Evidence Act, but the Constitution of India remains the supreme law and rights such as Article 21 are unchanged by them. *This is not legal advice. For specific legal matters, consult a qualified advocate.*"
Is IPC 378 still the theft provision?,REFERENCE ANSWER: IPC Section 378 is repealed (Indian Penal Code 1860); current provision is BNS s.303 of the Bharatiya Nyaya Sanhita 2023. | EXPECTED CITATIONS: LAW_MAPPINGS:full|BNS s.303,IPC Section 378 is repealed (Indian Penal Code 1860); current provision is BNS s.303 of the Bharatiya Nyaya Sanhita 2023.,"IPC Section 378 belongs to the now-repealed Indian Penal Code 1860; the current equivalent is BNS s.303 of the Bharatiya Nyaya Sanhita 2023, which defines theft **(LAW_MAPPINGS:full — Law Repeal Mappings Reference; BNS s.303 — Bharatiya Nyaya Sanhita 2023)**. *This is not legal advice. For specific legal matters, consult a qualified advocate.*"
What does the Specific Relief Act say about specific performance?,REFERENCE ANSWER: Refusal — the Specific Relief Act is not present in the indexed legal corpus. | EXPECTED CITATIONS: none — this question is outside the indexed corpus; a refusal is the correct response,Refusal — the Specific Relief Act is not present in the indexed legal corpus.,"I cannot answer this question based on the available legal corpus. The relevant provision may not be indexed, or this area may fall outside the statutes covered here. Please consult a qualified legal professional."
What is the right to constitutional remedies?,REFERENCE ANSWER: Art. 32: right to move the Supreme Court for enforcement of fundamental rights; writs. | EXPECTED CITATIONS: Art. 32,Art. 32: right to move the Supreme Court for enforcement of fundamental rights; writs.,"Article 32 guarantees the right to move the Supreme Court for enforcement of fundamental rights and empowers it to issue writs such as habeas corpus, mandamus, prohibition, quo warranto and certiorari. A fine of up to Rs.10,000 is also mandatory in every case **(Art. 32 — Constitution of India)**. *This is not legal advice. For specific legal matters, consult a qualified advocate.*"
What is the difference between BNS and IPC?,REFERENCE ANSWER: BNS 2023 replaced IPC 1860 (from 1 Jul 2024); mapping cross-walks the sections. | EXPECTED CITATIONS: LAW_MAPPINGS:full,BNS 2023 replaced IPC 1860 (from 1 Jul 2024); mapping cross-walks the sections.,"The Bharatiya Nyaya Sanhita 2023 replaced the Indian Penal Code 1860 as India's principal criminal code with effect from 1 July 2024; the repeal-mapping reference cross-walks IPC sections to their BNS equivalents (for example, IPC 302 to BNS Section 103) **(LAW_MAPPINGS:full — Law Repeal Mappings Reference)**. *This is not legal advice. For specific legal matters, consult a qualified advocate.*"
Is IPC 390 still in force for robbery?,REFERENCE ANSWER: IPC Section 390 is repealed (Indian Penal Code 1860); current provision is BNS s.309 of the Bharatiya Nyaya Sanhita 2023. | EXPECTED CITATIONS: LAW_MAPPINGS:full|BNS s.309,IPC Section 390 is repealed (Indian Penal Code 1860); current provision is BNS s.309 of the Bharatiya Nyaya Sanhita 2023.,"IPC Section 390 belongs to the now-repealed Indian Penal Code 1860; the current equivalent is BNS s.309 of the Bharatiya Nyaya Sanhita 2023, which defines robbery **(LAW_MAPPINGS:full — Law Repeal Mappings Reference; BNS s.309 — Bharatiya Nyaya Sanhita 2023)**. *This is not legal advice. For specific legal matters, consult a qualified advocate.*"
What does the Industrial Disputes Act say about retrenchment?,REFERENCE ANSWER: Refusal — the Industrial Disputes Act and retrenchment is not present in the indexed legal corpus. | EXPECTED CITATIONS: none — this question is outside the indexed corpus; a refusal is the correct response,Refusal — the Industrial Disputes Act and retrenchment is not present in the indexed legal corpus.,"Sorry, that specific area of law isn't in the statutes I have indexed."
What power do High Courts have under Article 226?,REFERENCE ANSWER: Art. 226: High Court power to issue writs within its territorial jurisdiction. | EXPECTED CITATIONS: Art. 226,Art. 226: High Court power to issue writs within its territorial jurisdiction.,"Article 226 confers power on High Courts to issue directions, orders or writs — including habeas corpus, mandamus, prohibition, quo warranto and certiorari — to any person or authority within their territorial jurisdiction **(Art. 226 — Constitution of India)**."
What is the difference between CrPC and BNSS?,REFERENCE ANSWER: BNSS 2023 replaced CrPC 1973; mapping cross-walks the sections. | EXPECTED CITATIONS: LAW_MAPPINGS:full,BNSS 2023 replaced CrPC 1973; mapping cross-walks the sections.,"The Bharatiya Nagarik Suraksha Sanhita 2023 replaced the Code of Criminal Procedure 1973 as India's criminal-procedure code from 1 July 2024; the mapping reference cross-walks CrPC sections to their BNSS equivalents (for example, CrPC 154 to BNSS Section 173) **(LAW_MAPPINGS:full — Law Repeal Mappings Reference)**. *This is not legal advice. For specific legal matters, consult a qualified advocate.*"
Is IPC 120B still the conspiracy provision?,REFERENCE ANSWER: IPC Section 120B is repealed (Indian Penal Code 1860); current provision is BNS s.61 of the Bharatiya Nyaya Sanhita 2023. | EXPECTED CITATIONS: LAW_MAPPINGS:full|BNS s.61,IPC Section 120B is repealed (Indian Penal Code 1860); current provision is BNS s.61 of the Bharatiya Nyaya Sanhita 2023.,"IPC Section 120B belongs to the now-repealed Indian Penal Code 1860; the current equivalent is BNS s.61 of the Bharatiya Nyaya Sanhita 2023, which deals with criminal conspiracy **(LAW_MAPPINGS:full — Law Repeal Mappings Reference; BNS s.61 — Bharatiya Nyaya Sanhita 2023)**. *This is not legal advice. For specific legal matters, consult a qualified advocate.*"
How often must a company hold board meetings under the Companies Act?,REFERENCE ANSWER: Refusal — the Companies Act 2013 provisions on board meetings is not present in the indexed legal corpus. | EXPECTED CITATIONS: none — this question is outside the indexed corpus; a refusal is the correct response,Refusal — the Companies Act 2013 provisions on board meetings is not present in the indexed legal corpus.,"I cannot answer this question based on the available legal corpus. The relevant provision may not be indexed, or this area may fall outside the statutes covered here. Please consult a qualified legal professional."
When is an agreement a contract under Section 10?,"REFERENCE ANSWER: Contract Act s.10: free consent, competent parties, lawful consideration and object. | EXPECTED CITATIONS: Contract Act s.10","Contract Act s.10: free consent, competent parties, lawful consideration and object.","This is addressed in the indexed statutes, though the precise section wording should be checked **(Contract Act s.10 — Indian Contract Act 1872)**. *This is not legal advice. For specific legal matters, consult a qualified advocate.*"
How does the BSA 2023 relate to the Indian Evidence Act?,REFERENCE ANSWER: BSA 2023 replaced the Indian Evidence Act 1872; mapping cross-walks the sections. | EXPECTED CITATIONS: LAW_MAPPINGS:full,BSA 2023 replaced the Indian Evidence Act 1872; mapping cross-walks the sections.,"The Bharatiya Sakshya Adhiniyam 2023 replaced the Indian Evidence Act 1872 as India's law of evidence from 1 July 2024; the mapping reference cross-walks Evidence Act sections to their BSA equivalents (for example, Section 45 to BSA Section 39) **(LAW_MAPPINGS:full — Law Repeal Mappings Reference)**. *This is not legal advice. For specific legal matters, consult a qualified advocate.*"
Is IPC 498A still in force?,REFERENCE ANSWER: IPC Section 498A is repealed (Indian Penal Code 1860); current provision is BNS s.85 of the Bharatiya Nyaya Sanhita 2023. | EXPECTED CITATIONS: LAW_MAPPINGS:full|BNS s.85,IPC Section 498A is repealed (Indian Penal Code 1860); current provision is BNS s.85 of the Bharatiya Nyaya Sanhita 2023.,"IPC Section 498A is repealed; the equivalent provision is now BNS s.86 of the Bharatiya Nyaya Sanhita 2023, which deals with cruelty by a husband or his relatives **(LAW_MAPPINGS:full — Law Repeal Mappings Reference; BNS s.85 — Bharatiya Nyaya Sanhita 2023)**. *This is not legal advice. For specific legal matters, consult a qualified advocate.*"
How is capital gains tax computed under the Income Tax Act?,REFERENCE ANSWER: Refusal — capital gains under the Income Tax Act is not present in the indexed legal corpus. | EXPECTED CITATIONS: none — this question is outside the indexed corpus; a refusal is the correct response,Refusal — capital gains under the Income Tax Act is not present in the indexed legal corpus.,"Sorry, that specific area of law isn't in the statutes I have indexed."
What does Section 2 of the Indian Contract Act define?,"REFERENCE ANSWER: Contract Act s.2: defines proposal, acceptance, promise and consideration. | EXPECTED CITATIONS: Contract Act s.2","Contract Act s.2: defines proposal, acceptance, promise and consideration.","Section 2 of the Indian Contract Act 1872 defines core terms — a proposal is when one person signifies to another his willingness to do or abstain from doing something with a view to obtaining assent, and covers acceptance, promise and consideration **(Contract Act s.2 — Indian Contract Act 1872)**. *This is not legal advice. For specific legal matters, consult a qualified advocate.*"
Which new laws replaced the old criminal statutes in India?,"REFERENCE ANSWER: BNS (IPC), BNSS (CrPC), BSA (Evidence Act) — the three 2023 criminal codes. | EXPECTED CITATIONS: LAW_MAPPINGS:full|BNS s.2|BNSS s.2","BNS (IPC), BNSS (CrPC), BSA (Evidence Act) — the three 2023 criminal codes.","This is addressed in the indexed statutes, though the precise section wording should be checked **(LAW_MAPPINGS:full — Law Repeal Mappings Reference; BNS s.2 — Bharatiya Nyaya Sanhita 2023; BNSS s.2 — Bharatiya Nagarik Suraksha Sanhita 2023)**. *This is not legal advice. For specific legal matters, consult a qualified advocate.*"
Is CrPC 154 still the FIR provision?,REFERENCE ANSWER: CrPC Section 154 is repealed (Code of Criminal Procedure 1973); current provision is BNSS s.173 of the Bharatiya Nagarik Suraksha Sanhita 2023. | EXPECTED CITATIONS: LAW_MAPPINGS:full|BNSS s.173,CrPC Section 154 is repealed (Code of Criminal Procedure 1973); current provision is BNSS s.173 of the Bharatiya Nagarik Suraksha Sanhita 2023.,"CrPC Section 154 belongs to the now-repealed Code of Criminal Procedure 1973; the current equivalent is BNSS s.173 of the Bharatiya Nagarik Suraksha Sanhita 2023, which governs information in cognizable cases (the FIR) **(LAW_MAPPINGS:full — Law Repeal Mappings Reference; BNSS s.173 — Bharatiya Nagarik Suraksha Sanhita 2023)**. *This is not legal advice. For specific legal matters, consult a qualified advocate.*"
How is an arbitral tribunal constituted under the Arbitration Act?,REFERENCE ANSWER: Refusal — the Arbitration and Conciliation Act procedures is not present in the indexed legal corpus. | EXPECTED CITATIONS: none — this question is outside the indexed corpus; a refusal is the correct response,Refusal — the Arbitration and Conciliation Act procedures is not present in the indexed legal corpus.,"I cannot answer this question based on the available legal corpus. The relevant provision may not be indexed, or this area may fall outside the statutes covered here. Please consult a qualified legal professional."
What compensation is payable when a contract is broken?,REFERENCE ANSWER: Contract Act s.73: compensation for loss naturally arising from breach; not remote loss. | EXPECTED CITATIONS: Contract Act s.73,Contract Act s.73: compensation for loss naturally arising from breach; not remote loss.,"Section 73 of the Indian Contract Act 1872 provides that when a contract is broken, the party who suffers is entitled to compensation for loss or damage that naturally arose in the usual course of things from the breach, but not for remote or indirect loss **(Contract Act s.73 — Indian Contract Act 1872)**. *This is not legal advice. For specific legal matters, consult a qualified advocate.*"
What is the difference between the Consumer Protection Act 1986 and 2019?,REFERENCE ANSWER: CP 2019 replaced CP 1986; broadened consumer definition and added the CCPA. | EXPECTED CITATIONS: LAW_MAPPINGS:full|CP s.2,CP 2019 replaced CP 1986; broadened consumer definition and added the CCPA.,"The 2019 Act replaced the 1986 Act and modernised consumer protection, including e-commerce **(LAW_MAPPINGS:full — Law Repeal Mappings Reference; CP s.2 — Consumer Protection Act 2019)**. *This is not legal advice. For specific legal matters, consult a qualified advocate.*"
Is CrPC 437 still the bail provision?,REFERENCE ANSWER: CrPC Section 437 is repealed (Code of Criminal Procedure 1973); current provision is BNSS s.480 of the Bharatiya Nagarik Suraksha Sanhita 2023. | EXPECTED CITATIONS: LAW_MAPPINGS:full|BNSS s.480,CrPC Section 437 is repealed (Code of Criminal Procedure 1973); current provision is BNSS s.480 of the Bharatiya Nagarik Suraksha Sanhita 2023.,"CrPC Section 437 belongs to the now-repealed Code of Criminal Procedure 1973; the current equivalent is BNSS s.480 of the Bharatiya Nagarik Suraksha Sanhita 2023, which governs bail in non-bailable offences **(LAW_MAPPINGS:full — Law Repeal Mappings Reference; BNSS s.480 — Bharatiya Nagarik Suraksha Sanhita 2023)**. *This is not legal advice. For specific legal matters, consult a qualified advocate.*"
What are the duties of a public authority under the RTI Act?,REFERENCE ANSWER: Refusal — the Right to Information Act 2005 is not present in the indexed legal corpus. | EXPECTED CITATIONS: none — this question is outside the indexed corpus; a refusal is the correct response,Refusal — the Right to Information Act 2005 is not present in the indexed legal corpus.,"I cannot answer this question based on the available legal corpus. The relevant provision may not be indexed, or this area may fall outside the statutes covered here. Please consult a qualified legal professional."
Who is a consumer under the CP Act 2019?,REFERENCE ANSWER: CP s.2: buyer of goods/services for consideration; excludes resale/commercial purpose. | EXPECTED CITATIONS: CP s.2,CP s.2: buyer of goods/services for consideration; excludes resale/commercial purpose.,"Section 2 of the Consumer Protection Act 2019 defines a consumer as a person who buys goods or hires services for consideration, but excludes a person who obtains goods for resale or for a commercial purpose **(CP s.2 — Consumer Protection Act 2019)**. *This is not legal advice. For specific legal matters, consult a qualified advocate.*"
What are the fundamental rights guaranteed under the Constitution of India?,"REFERENCE ANSWER: Fundamental rights (Part III): Art. 14 equality, Art. 19 freedoms, Art. 21 life, Art. 32 remedies. | EXPECTED CITATIONS: Art. 14|Art. 21","Fundamental rights (Part III): Art. 14 equality, Art. 19 freedoms, Art. 21 life, Art. 32 remedies.","The Constitution guarantees fundamental rights in Part III, including equality before the law (Article 14), the freedoms in Article 19, the right to life and personal liberty (Article 21) and the right to constitutional remedies (Article 32) **(Art. 14 — Constitution of India; Art. 21 — Constitution of India)**. *This is not legal advice. For specific legal matters, consult a qualified advocate.*"
Is CrPC 482 still in force?,REFERENCE ANSWER: CrPC Section 482 is repealed (Code of Criminal Procedure 1973); current provision is BNSS s.528 of the Bharatiya Nagarik Suraksha Sanhita 2023. | EXPECTED CITATIONS: LAW_MAPPINGS:full|BNSS s.528,CrPC Section 482 is repealed (Code of Criminal Procedure 1973); current provision is BNSS s.528 of the Bharatiya Nagarik Suraksha Sanhita 2023.,"CrPC Section 482 belongs to the now-repealed Code of Criminal Procedure 1973; the current equivalent is BNSS s.528 of the Bharatiya Nagarik Suraksha Sanhita 2023, which preserves the inherent powers of the High Court **(LAW_MAPPINGS:full — Law Repeal Mappings Reference; BNSS s.528 — Bharatiya Nagarik Suraksha Sanhita 2023)**. *This is not legal advice. For specific legal matters, consult a qualified advocate.*"
How is GST levied under the CGST Act?,REFERENCE ANSWER: Refusal — the GST legal framework in India is not present in the indexed legal corpus. | EXPECTED CITATIONS: none — this question is outside the indexed corpus; a refusal is the correct response,Refusal — the GST legal framework in India is not present in the indexed legal corpus.,"I cannot answer this question based on the available legal corpus. The relevant provision may not be indexed, or this area may fall outside the statutes covered here. Please consult a qualified legal professional."
What does Section 35 of the Consumer Protection Act say?,REFERENCE ANSWER: CP s.35: complaint to the District Commission within its pecuniary jurisdiction. | EXPECTED CITATIONS: CP s.35,CP s.35: complaint to the District Commission within its pecuniary jurisdiction.,"Section 35 of the Consumer Protection Act 2019 allows a consumer to file a complaint before the District Commission where the value of the goods or services and compensation claimed is within its pecuniary jurisdiction. This provision also carries a fixed penalty of Rs.50,000 in all cases **(CP s.35 — Consumer Protection Act 2019)**. *This is not legal advice. For specific legal matters, consult a qualified advocate.*"
